Customer Id,Artist Name,Artist Reputation,Height,Width,Weight,Material,Price Of Sculpture,Base Shipping Price,International,Express Shipment,Installation Included,Transport,Fragile,Customer Information,Remote Location,Scheduled Date,Delivery Date,Customer Location,Cost

fffe3300380033003400,James Dawkins,,34.0,13.0,472.0,Wood,6.72,24.04,No,No,No,,No,Working Class,No,02/06/19,02/03/19,"East Jerrychester, NC 92801",374.72

fffe3800350031003700,Maria Thomas,0.78,25.0,10.0,12856.0,Bronze,34.63,67.35,Yes,No,Yes,Waterways,No,Working Class,No,02/14/16,02/14/16,"Lake Paul, VT 21548",1824.87

fffe3100340038003300,Scott Stultz,0.38,13.0,,33869.0,,167.07,80.58,Yes,No,No,Waterways,No,Working Class,No,04/02/18,03/31/18,"East Codyton, NE 55135",822.41

fffe3200360035003400,Tamara Maione,0.18,55.0,18.0,1581.0,,3.87,16.5,No,No,No,Airways,No,Working Class,,12/30/18,12/30/18,"Benjaminview, MI 08633",143.84

fffe3500310032003900,Monica Strout,0.95,9.0,4.0,6603.0,Stone,26.45,68.53,No,No,Yes,,No,Working Class,No,01/01/18,12/28/17,"Ballside, IL 74233",1288.03

fffe3900350035003400,Dorothy Brown,0.69,12.0,7.0,3282.0,Brass,5.32,21.34,No,Yes,No,Airways,No,Working Class,No,06/22/16,06/18/16,"New Lukestad, TN 91145",505.35

fffe3400380033003700,James Apodaca,0.8,,12.0,,,2542.23,88.28,Yes,Yes,No,,No,Wealthy,No,04/12/19,04/13/19,"Martinshire, SD 61682",17153.17

fffe3100360030003200,Joseph Jennings,0.82,18.0,6.0,4849.0,Brass,11.79,16.1,Yes,No,No,Waterways,No,Working Class,No,03/26/19,03/26/19,"Maxside, LA 93329",388.85

fffe370030003500,Lucille Sherman,,5.0,5.0,47.0,Clay,5.37,21.42,No,No,No,,Yes,Wealthy,Yes,11/06/16,11/08/16,"Suttonport, DC 42905",354.51

fffe3200380037003600,Donnie Bennett,0.43,26.0,19.0,3167.0,Aluminium,14.62,14.05,Yes,No,No,,No,Working Class,,03/05/18,03/09/18,"New Jesus, OK 50033",234.34

fffe3400320031003400,Elizabeth Mccombs,0.77,28.0,9.0,439575.0,,612.43,90.03,No,No,No,Roadways,No,Working Class,,08/14/16,08/18/16,"New Bradley, DC 37668",14674.51

fffe3300360038003100,Louis Johnson,0.91,17.0,6.0,61191.0,Stone,251.11,42.73,No,No,Yes,Airways,No,Working Class,,12/25/18,12/29/18,"West Lindaville, GA 15856",2097.93

fffe3400370032003700,Maria Patnode,0.29,20.0,10.0,6287.0,Brass,12.75,46.48,No,No,No,Roadways,No,Wealthy,No,01/14/19,01/14/19,"Thompsonborough, TX 96316",411.2

fffe3400310031003000,Benjamin Battle,0.7,8.0,5.0,987.0,Brass,6.05,24.03,No,No,No,,No,Working Class,,01/20/17,01/16/17,"West Anthonyhaven, SD 15428",464.04

fffe3200310037003700,Kimberly Mcdaniel,0.21,4.0,4.0,95.0,,5.61,21.19,No,No,Yes,Airways,No,Working Class,No,01/09/15,01/10/15,APO AE 85675,168.5

fffe3400320035003800,Andrea Fraser,0.88,21.0,7.0,1244.0,,5.16,14.54,No,No,No,Airways,Yes,Working Class,No,04/04/19,04/06/19,"Jamesbury, MD 01132",501.33

fffe3300360035003900,Karen Turner,0.96,12.0,7.0,2483.0,Brass,19.4,13.15,No,Yes,No,,No,Wealthy,Yes,10/17/17,10/20/17,"South Bonnieview, AK 92822",520.04

fffe3500370034003600,Ernie Cook,0.44,18.0,13.0,557129.0,Stone,2105.88,85.02,No,No,No,,No,Working Class,No,03/09/18,03/10/18,"New Juliestad, MS 60690",5818.54

fffe3900360033003400,Christine Taylor,0.3,29.0,8.0,3336.0,Clay,3.17,21.49,No,Yes,Yes,Roadways,Yes,Working Class,Yes,06/07/16,06/06/16,"Matthewberg, PA 50035",343.16

fffe3900370033003400,Mikel Buser,0.99,19.0,6.0,4416.0,Brass,41.7,24.14,Yes,No,Yes,Waterways,No,Wealthy,No,08/08/15,08/07/15,"North Cassandra, AR 47351",1677.39

fffe3400380032003300,Mary Connell,0.07,33.0,7.0,650487.0,Stone,301.94,84.54,No,No,No,Roadways,No,Working Class,No,08/07/18,08/03/18,"Floydville, NE 57736",1728.59

fffe3400310032003000,Ruby Mcclain,0.73,37.0,9.0,1001690.0,Stone,1647.4,80.93,No,Yes,No,Airways,No,Working Class,No,06/12/19,06/08/19,"East Annettetown, MD 18814",13204.9

fffe3900340039003900,Margaret Brown,0.83,22.0,10.0,493.0,Aluminium,3.45,17.9,No,No,No,Roadways,No,Wealthy,No,07/04/16,06/30/16,"Catherinebury, KS 80971",544.25

fffe3600390035003500,David Bermeo,0.29,15.0,6.0,1514.0,Bronze,6.18,24.85,Yes,No,Yes,Waterways,No,Working Class,No,07/08/17,07/09/17,"Gregorystad, TN 16866",245.0

fffe3400330035003000,Mark Jones,,7.0,4.0,360.0,Bronze,6.3,22.38,Yes,Yes,No,Airways,No,Wealthy,No,11/15/17,11/15/17,"North Kevinburgh, UT 85346",221.65

fffe3400370034003800,Harold Hicks,0.31,33.0,9.0,1675.0,Aluminium,3.4,15.08,Yes,No,Yes,Roadways,No,Working Class,No,11/26/18,11/22/18,"Josephbury, GA 38033",256.81

fffe3700320032003200,Maria Donnellan,0.12,22.0,12.0,486959.0,Marble,549.77,83.6,No,No,Yes,Roadways,No,Working Class,No,05/13/17,05/11/17,"New Cory, MD 45847",1696.9

fffe3700380037003300,Matthew Acker,0.11,12.0,6.0,1873.0,Brass,3.24,22.52,No,No,No,Roadways,No,Working Class,No,09/24/17,09/24/17,"New Ryan, NC 41633",171.72

fffe3100300036003200,Chester Hein,0.54,19.0,8.0,,,5.05,12.16,No,No,Yes,Roadways,Yes,Working Class,Yes,03/15/15,03/15/15,"Port Michellefurt, FL 57472",288.03

fffe330032003600,Derrick Jones,0.78,,8.0,1616.0,Clay,6.88,16.63,Yes,Yes,No,,Yes,Wealthy,No,09/08/15,09/09/15,"Smithton, CA 86780",756.59

fffe3300370039003300,Lolita Gonsalves,,12.0,8.0,1509.0,Bronze,6.92,22.45,No,Yes,Yes,,No,Working Class,Yes,10/31/16,10/28/16,"Reidhaven, CO 13604",578.01

fffe3600350036003900,Jerry Williams,0.23,16.0,6.0,901.0,Clay,5.1,10.44,Yes,No,Yes,Airways,Yes,Wealthy,Yes,04/26/15,04/22/15,"Billystad, WY 02677",230.32

fffe3200380036003600,Sandy Lane,0.14,24.0,7.0,,Wood,3.22,10.9,Yes,Yes,No,,No,Working Class,No,09/03/17,08/30/17,"Ericmouth, AK 17425",127.98

fffe3500360039003800,James Wright,0.13,,11.0,,Bronze,8.33,57.39,No,No,No,,No,Working Class,Yes,08/07/15,08/03/15,"Omarchester, MA 92741",411.73

fffe360032003500,David Gonzalez,0.5,27.0,,,Brass,72.2,58.36,No,Yes,Yes,Airways,No,Working Class,,11/06/15,11/10/15,"New Spencerland, SD 27916",1582.44

fffe3200330038003800,Martha Ullery,0.01,3.0,2.0,107.0,Stone,6.28,23.25,No,No,No,Airways,No,Wealthy,No,09/07/17,09/07/17,"East Ariana, MD 70285",224.52

fffe3100310037003900,Anamaria Harrison,0.06,,4.0,411.0,Brass,4.26,19.16,Yes,No,Yes,Airways,No,Working Class,No,05/19/19,05/19/19,"Johnberg, AL 45209",176.82

fffe3600390034003300,Eula Westbrook,0.66,35.0,6.0,276.0,Wood,4.26,20.42,No,Yes,Yes,Roadways,No,Wealthy,No,08/19/17,08/19/17,"Lambertstad, KS 30699",503.88

fffe3500350038003300,Fredrick Waits,0.52,17.0,9.0,304.0,Wood,5.31,11.99,Yes,Yes,No,Airways,No,Wealthy,No,06/22/18,06/26/18,"North Luisstad, NE 63496",219.81

fffe320037003600,Erika Redding,0.71,21.0,,121190.0,,472.7,67.78,Yes,No,Yes,,No,Working Class,No,12/12/17,12/11/17,"Lynchshire, SC 27592",5417.29

fffe3800370036003600,Sandra Jeffrey,0.23,23.0,8.0,1760.0,Clay,4.27,12.25,No,No,Yes,Roadways,Yes,Working Class,No,03/20/18,03/19/18,"New Lisa, NY 70551",183.54

fffe3100330037003000,Dawn Seats,0.24,28.0,10.0,1563.0,Aluminium,3.34,24.95,No,Yes,No,Roadways,No,Working Class,No,01/17/19,01/19/19,"Lake Betty, ID 56245",196.12

fffe3700340037003600,Karina Olson,0.7,24.0,7.0,291.0,Aluminium,5.38,23.32,No,No,Yes,Roadways,No,Working Class,No,05/27/19,05/29/19,"West Leahport, DE 78884",470.9

fffe3500330037003600,Tracey Rabideau,,21.0,8.0,843.0,Aluminium,5.17,10.43,Yes,Yes,Yes,Airways,No,Wealthy,No,07/16/19,07/20/19,"Laurafort, RI 34804",312.3

fffe3500390039003700,Sheri Neal,0.51,13.0,8.0,,Clay,3.14,16.97,No,Yes,No,,Yes,Working Class,,05/01/15,05/01/15,"Brownberg, KY 34827",237.9

fffe3500350032003900,Bruce Orr,0.12,28.0,,4960.0,Bronze,6.65,21.59,No,No,Yes,Roadways,No,Working Class,,01/11/19,01/13/19,APO AP 39638,200.8

fffe3700310037003800,Fannie Blake,0.1,6.0,4.0,45.0,Wood,4.88,14.58,Yes,No,Yes,Waterways,No,Working Class,No,09/10/17,09/06/17,"Martinezshire, ID 33881",128.31

fffe3100390038003300,Danny Snyder,0.85,11.0,8.0,19837.0,,92.66,25.71,No,No,No,,No,Working Class,No,10/01/18,10/05/18,"Lake Gloria, AZ 59449",12885.02

fffe3800330031003500,Scott Shaw,0.07,16.0,8.0,5596.0,Bronze,14.87,87.72,Yes,Yes,No,Airways,No,Working Class,Yes,11/28/18,12/02/18,"Simpsonmouth, OR 56404",435.36

fffe3600330030003700,Ruth Maroun,0.48,9.0,4.0,34.0,,3.43,24.51,No,Yes,Yes,Airways,No,Wealthy,,02/26/17,03/01/17,"East Steven, MN 92941",220.4

fffe3500310034003200,Ellen Patrick,0.33,47.0,20.0,,,37.95,34.26,Yes,No,No,Waterways,Yes,Working Class,Yes,10/20/18,10/22/18,"Port Carolyn, ND 52403",535.11

fffe3900350036003300,Felipe Barton,0.52,19.0,6.0,116477.0,Stone,463.39,93.0,No,No,No,Roadways,No,Working Class,No,02/03/17,02/01/17,"West James, SD 14768",2865.65

fffe380036003800,Mary Snow,0.89,40.0,14.0,919.0,Wood,3.02,19.53,No,No,No,Roadways,No,Working Class,No,03/08/17,03/07/17,"North Sandraside, MT 35831",848.55

fffe3100300033003400,Patsy Challenger,0.3,21.0,,904.0,,4.3,16.37,No,Yes,No,Roadways,No,Working Class,No,04/24/16,04/28/16,"East Johnton, TN 63785",152.72

fffe3300310034003500,Matthew Rosebrough,0.07,4.0,3.0,417.0,Marble,6.93,21.67,No,Yes,No,,No,Working Class,No,06/23/15,06/19/15,FPO AP 75353,215.08

fffe370031003700,Aldo Cunha,0.86,18.0,8.0,134.0,Wood,5.1,11.81,No,No,Yes,Waterways,No,Working Class,Yes,11/09/15,11/12/15,"Osbornemouth, HI 50003",404.96

fffe3500340038003900,Christopher Harris,,29.0,8.0,380.0,Wood,5.71,12.89,No,Yes,No,Airways,No,Wealthy,No,04/13/19,04/15/19,"East Amyhaven, TN 10578",295.75

fffe3400320031003500,Ana Withrow,0.41,13.0,8.0,,Stone,365.01,60.2,No,Yes,Yes,Roadways,No,Wealthy,Yes,04/26/17,04/26/17,DPO AE 92583,2093.85

fffe3700390039003900,Ronald Bell,0.67,21.0,7.0,271384.0,Stone,778.26,84.58,Yes,No,No,Waterways,No,Working Class,No,03/27/16,03/31/16,"Barnettbury, WV 78914",15781.11

fffe3600330036003900,Jackie Fernandez,,27.0,6.0,6358.0,Bronze,28.29,41.03,No,Yes,Yes,,No,Working Class,No,06/14/16,06/16/16,"West Kimberlyton, KY 69545",332.51

fffe3800340039003500,John Carroll,0.77,55.0,27.0,13817875.0,Marble,76786.57,50.52,No,No,Yes,Roadways,Yes,Working Class,No,01/29/18,01/26/18,"Port Julia, OH 16359",4020731.9

fffe3100360034003600,Ginger Chacon,,12.0,7.0,265.0,Aluminium,3.01,24.56,No,No,Yes,Waterways,No,Working Class,Yes,04/11/15,04/07/15,"Andreaburgh, AZ 50053",275.03

fffe320039003600,Michael Hudley,0.44,27.0,11.0,16449.0,,34.49,30.04,Yes,No,No,Waterways,No,Wealthy,No,05/02/18,05/02/18,"Michaelstad, WA 99874",481.13

fffe3200310032003900,Luella Spurlin,0.2,21.0,7.0,481.0,Aluminium,6.94,17.75,No,No,Yes,Roadways,No,Working Class,No,07/08/19,07/07/19,"Port Aliciaville, SD 59109",173.16

fffe350034003300,Adriana Ferguson,0.36,9.0,5.0,133.0,Aluminium,5.26,11.71,Yes,No,No,Waterways,No,Working Class,No,02/20/19,02/18/19,"Williamsshire, SD 55362",147.04

fffe370039003300,Peter Laine,0.05,16.0,8.0,69647.0,Marble,117.51,29.97,No,No,No,Roadways,No,Working Class,No,02/09/19,02/08/19,"East Feliciabury, GA 43402",389.46

fffe340034003900,Shannon Green,0.43,14.0,6.0,1110.0,,5.54,23.91,No,No,Yes,Roadways,No,Working Class,No,04/01/17,04/04/17,"Port Michaelton, WA 74864",254.38

fffe3900390037003800,Todd Barbosa,0.45,37.0,6.0,240817.0,Marble,578.29,54.99,No,No,Yes,Airways,Yes,Working Class,Yes,05/20/15,05/16/15,"Atkinsberg, ND 51453",4883.61

fffe3200350033003400,Brittany Sterner,0.2,15.0,6.0,158.0,Wood,5.39,20.42,No,No,No,Roadways,No,Working Class,,09/18/16,09/20/16,"Gabrielachester, WA 01619",146.39

fffe3900330037003700,Richard Ulberg,0.79,35.0,12.0,1217.0,Aluminium,5.59,17.95,No,Yes,No,Roadways,No,Wealthy,No,02/25/17,02/27/17,"South Gloria, KS 18737",682.63

fffe310038003400,Hector Vigue,0.2,25.0,12.0,1285.0,Aluminium,5.29,15.97,No,Yes,No,Roadways,No,Wealthy,No,09/12/16,09/12/16,"New Danielleview, FL 99653",176.44

fffe3800380034003800,Ellen Kennedy,0.6,24.0,14.0,14037.0,Bronze,7.3,29.48,No,Yes,No,Airways,No,Working Class,No,11/24/16,11/24/16,"Zimmermanport, CT 07279",783.92

fffe3900340034003400,Michele Blount,0.02,21.0,7.0,5790.0,Bronze,4.68,54.72,Yes,Yes,Yes,Airways,No,Working Class,No,11/14/17,11/14/17,"New Kimberlychester, PA 23584",331.76

fffe3700370030003300,Ernest Hall,0.8,38.0,6.0,355.0,Aluminium,6.98,24.12,No,No,No,Roadways,No,Wealthy,No,06/07/16,06/11/16,"Walterstown, MN 83916",763.99

fffe3100300034003700,Gary Hatfield,,31.0,18.0,6181825.0,Stone,13599.19,92.7,No,No,No,,No,Working Class,No,04/10/18,04/13/18,"Howeborough, UT 98676",13432.43

fffe3400350034003900,Dianna Graham,0.13,51.0,11.0,22656.0,Bronze,84.85,65.04,Yes,No,No,,No,Working Class,No,08/23/19,08/19/19,FPO AE 20878,601.67

fffe3900310035003700,Lucy Boyd,0.0,3.0,3.0,56.0,Brass,6.17,14.75,Yes,Yes,Yes,Airways,No,Working Class,No,11/25/16,11/26/16,"South Alanbury, MN 22798",150.4

fffe3200310038003700,Connie Ardoin,0.24,30.0,15.0,68701.0,Brass,43.86,52.64,No,No,No,Airways,No,Wealthy,No,06/09/19,06/07/19,"Woodburgh, LA 18439",1038.89

fffe3200330035003900,Nancy Pinson,0.82,46.0,12.0,2086001.0,Marble,1986.0,63.63,No,No,Yes,Roadways,Yes,Working Class,No,02/20/17,02/18/17,"West Brenda, AK 31168",13199.22

fffe3400360036003100,Karen Taylor,0.4,12.0,6.0,,Wood,5.48,18.9,No,Yes,No,Roadways,No,Wealthy,Yes,01/14/18,01/14/18,"East Morgan, LA 34894",214.18

fffe3500320031003000,Garry Smith,0.3,47.0,18.0,1996390.0,,4523.83,31.65,No,Yes,Yes,,Yes,Wealthy,No,06/29/15,07/01/15,"West Julieville, CA 81125",-36503.29

fffe3500310030003600,Yvette Swindle,0.34,29.0,18.0,3955.0,Aluminium,19.03,13.0,No,No,Yes,Roadways,No,Working Class,Yes,02/12/18,02/11/18,"Wellschester, DE 72847",251.02

fffe3700330039003000,Tanisha Swee,0.46,30.0,14.0,19626.0,Bronze,24.11,69.84,No,No,No,Roadways,No,Working Class,No,07/04/17,07/01/17,"Jamesland, ME 24913",911.8

fffe3800320031003300,Robert Key,0.06,24.0,6.0,285.0,Wood,5.89,18.31,No,No,No,Roadways,No,Working Class,No,08/18/17,08/19/17,FPO AP 20909,115.47

fffe3100340034003700,Jose Riley,0.85,17.0,7.0,234.0,Wood,4.6,12.19,No,No,Yes,Roadways,No,Wealthy,No,05/12/17,05/14/17,"Elizabethborough, GA 05793",363.51

fffe3200360038003200,Catherine Weimer,0.26,23.0,6.0,1094.0,,5.23,18.98,No,No,No,Roadways,Yes,Working Class,No,02/06/18,02/07/18,"Valdezfurt, NC 71945",180.56

fffe3500380030003700,Ellen Brown,0.64,,4.0,206.0,Clay,3.47,16.03,No,No,No,Roadways,Yes,Working Class,,01/03/18,12/31/17,"New Theresa, NC 56142",229.12

fffe340035003000,Alyssa Lawson,0.37,30.0,8.0,19296.0,Brass,87.19,76.47,No,No,No,Waterways,No,Working Class,Yes,05/18/17,05/18/17,"Vangmouth, VA 90309",1249.53

fffe3200380031003500,Teresa Cruz,,20.0,9.0,6659.0,Bronze,72.89,28.6,Yes,No,No,Waterways,No,Working Class,No,05/20/19,05/16/19,"South Nancyfort, LA 48012",3596.84

fffe3900360030003400,Richard Flom,0.64,35.0,20.0,42716.0,Bronze,283.26,78.49,Yes,No,Yes,Roadways,No,Working Class,No,02/03/19,02/03/19,"Wrightmouth, WY 12427",3093.78

fffe3900320035003700,Roberta Crawford,0.28,34.0,6.0,7737.0,Bronze,16.79,37.29,Yes,Yes,No,Airways,No,Wealthy,No,01/16/17,01/12/17,"Jenniferhaven, KS 86766",486.04

fffe3200300030003200,Chery Reed,0.16,21.0,13.0,2461.0,Clay,3.18,12.81,No,Yes,No,Roadways,Yes,Working Class,No,03/11/19,03/09/19,"North Richard, IN 50207",180.08

fffe3300320036003600,Ronald Mcdermott,0.23,,7.0,434.0,Aluminium,4.99,23.52,Yes,No,Yes,,No,Working Class,No,01/28/19,01/28/19,"New Pamelaside, NJ 18783",193.55

fffe3400360036003800,Justin Bejaran,0.27,45.0,9.0,311.0,Wood,4.47,10.12,No,Yes,Yes,,No,Working Class,,04/21/16,04/24/16,"Kochberg, NY 51048",144.97

fffe3100330036003900,Sonja Lopez,0.31,25.0,8.0,13248.0,Brass,49.59,48.81,Yes,No,Yes,Waterways,No,Working Class,No,08/14/19,08/14/19,"Kimberlyland, OK 67373",553.59

fffe3200350032003900,Elizabeth Crawford,0.99,24.0,8.0,8787.0,Bronze,35.64,65.55,No,Yes,Yes,Airways,No,Working Class,,08/05/16,08/03/16,"South Christinaview, MO 62212",3344.18

fffe350032003900,Melanie Baldrige,0.2,49.0,27.0,,Bronze,202.17,71.05,No,No,No,,No,Working Class,No,01/10/15,01/06/15,"New Bobby, MI 11628",1363.49

fffe390031003000,David Gaillard,,,,1219693.0,,1366.66,47.73,No,No,No,Roadways,No,Working Class,,07/23/17,07/27/17,"Hernandezville, OR 03834",1869.85

fffe3200330034003100,Karen Morales,,,7.0,,Bronze,15.15,99.14,No,Yes,Yes,Roadways,No,Wealthy,No,05/30/18,06/03/18,"South Gabrielleport, AR 55123",1307.23

fffe3800330032003100,Frances Jones,0.29,41.0,19.0,1770.0,Wood,5.38,19.11,No,No,Yes,Roadways,No,Working Class,No,01/17/15,01/16/15,"Jonathanstad, MT 00526",247.12

fffe3600350036003600,Janet Weinbauer,0.15,10.0,5.0,8971.0,Marble,24.0,90.61,Yes,No,Yes,Waterways,No,Working Class,No,04/27/16,04/27/16,"Sonyaberg, AR 24534",527.86

fffe3500320032003300,Lisa Friedman,,15.0,6.0,109.0,Wood,6.97,19.52,No,No,No,,No,Wealthy,No,11/01/15,11/04/15,DPO AA 37350,391.27

fffe31003700,Maria Saltzman,,34.0,7.0,432011.0,Stone,1534.42,49.17,No,Yes,No,Roadways,No,Wealthy,No,04/29/17,04/25/17,APO AP 78270,6006.01

fffe360037003500,Darius Underwood,0.71,11.0,8.0,4373.0,Brass,24.57,10.0,No,Yes,No,Airways,No,Wealthy,Yes,12/23/18,12/23/18,"North Mary, MI 49599",460.58

fffe3300320035003600,Dorian Sterling,0.2,21.0,,234.0,,3.98,17.05,No,No,Yes,,No,Working Class,,09/10/17,09/06/17,"West Brandon, CO 03168",169.96

fffe3200340035003800,Deborah Malone,,,,,Clay,3.13,11.63,No,No,No,Roadways,Yes,Wealthy,No,05/24/16,05/28/16,"Lake Julieport, CA 48169",207.45

fffe330039003400,Steve Holmes,0.88,19.0,8.0,104636.0,Marble,417.42,82.77,No,No,No,Waterways,No,Working Class,No,06/25/18,06/21/18,"Port Jamiemouth, SC 69010",6537.12

fffe3200320034003500,Gertrude Hall,0.42,19.0,6.0,107509.0,,368.63,34.61,No,No,No,Roadways,No,Wealthy,No,09/11/18,09/10/18,"West Jamesstad, AZ 40822",1480.21

fffe3200360032003800,Henry Boswell,0.78,31.0,11.0,2690.0,Aluminium,6.26,24.74,Yes,Yes,Yes,Airways,No,Working Class,No,10/29/15,10/30/15,DPO AP 92153,1109.14

fffe3700360031003900,Carolyn Steinbeck,0.71,30.0,23.0,8752.0,Clay,41.28,52.65,Yes,Yes,Yes,Airways,Yes,Working Class,No,09/22/18,09/26/18,"New Ryanton, HI 06627",2329.07

fffe3100350032003200,Debra Lingelbach,0.76,23.0,,152.0,Wood,6.27,11.34,No,No,Yes,Airways,No,Working Class,Yes,04/22/18,04/20/18,"Kevinshire, KY 82234",466.1

fffe3800330030003400,Benjamin Peter,0.8,6.0,5.0,80.0,Aluminium,5.87,20.42,Yes,No,No,Airways,No,Working Class,No,04/20/16,04/18/16,"Curtisside, NH 13615",358.28

fffe3400360036003200,Debra Hernandez,0.42,35.0,21.0,8315.0,Clay,5.98,98.45,No,No,Yes,,Yes,Working Class,No,07/18/19,07/19/19,"Port Jason, NC 85254",1277.43

fffe3700310032003800,James Hiatt,0.4,14.0,8.0,860.0,Clay,3.3,24.57,No,Yes,No,Roadways,Yes,Wealthy,No,02/08/15,02/09/15,"Adamhaven, KY 73806",272.41

fffe3100390037003100,Tracey Doyle,0.18,5.0,5.0,,Bronze,5.95,13.71,No,Yes,No,,No,Wealthy,Yes,04/01/17,03/28/17,"West Nicholashaven, CA 19223",189.35

fffe3800350034003000,Judy Nieves,0.12,30.0,16.0,8850.0,Clay,36.67,80.74,Yes,No,Yes,Waterways,Yes,Working Class,Yes,07/31/17,08/04/17,"Phamport, VA 01152",526.47

fffe3900350031003400,Hilda Boyd,0.84,4.0,3.0,10.0,Wood,4.66,15.71,No,No,Yes,Roadways,No,Working Class,No,04/02/16,04/02/16,"Port Tammyborough, NH 21863",204.09

fffe3600330033003200,Nicole Todd,0.03,49.0,15.0,51529.0,Bronze,142.6,48.98,No,No,Yes,,No,Wealthy,No,03/31/18,04/01/18,"Lake Peter, AL 08517",555.37

fffe3200310035003600,Levi Flores,0.42,,4.0,41.0,Wood,5.84,12.62,No,Yes,No,Airways,No,Wealthy,No,09/09/15,09/09/15,"West Jameschester, NC 64613",150.77

fffe3500330034003700,Miranda Martinez,0.36,28.0,,,Clay,5.54,11.12,No,No,Yes,Roadways,Yes,Working Class,,12/27/17,12/31/17,"New Andrewborough, HI 36037",226.77

fffe3100310037003500,Mary Parent,0.52,31.0,10.0,725.0,Wood,3.82,10.64,No,No,Yes,,No,Wealthy,No,03/28/16,03/26/16,"Vaughnland, AZ 12672",252.23

fffe3700380035003700,Linda Zinzow,0.08,8.0,5.0,33.0,Wood,5.92,11.59,Yes,No,No,Waterways,No,Working Class,No,08/04/15,08/05/15,"Tinafurt, AR 98605",97.46

fffe3100390031003800,Joseph Everett,0.35,25.0,9.0,1168.0,Aluminium,5.91,10.07,No,No,No,,No,Working Class,,04/09/16,04/11/16,"Kennethview, DE 50941",136.62

fffe330035003100,Barbara Moten,0.27,13.0,7.0,,Stone,107.5,27.64,No,No,Yes,Roadways,No,Working Class,No,04/28/19,04/26/19,"Knighthaven, UT 42413",598.65

fffe3800340033003600,Susan Zelaya,0.6,40.0,15.0,4876.0,Aluminium,14.25,18.2,No,No,No,Roadways,No,Working Class,No,06/19/16,06/15/16,"Lake Jessica, NH 85408",420.8

fffe3300370037003400,Lesley Bender,,29.0,11.0,413334.0,Marble,1446.12,70.08,Yes,Yes,No,Airways,No,Working Class,,12/18/15,12/19/15,"Watsonstad, LA 35648",3992.4

fffe3800340037003800,Lori Hall,0.25,25.0,9.0,537081.0,Stone,2282.38,80.18,No,No,Yes,Roadways,No,Working Class,Yes,11/25/18,11/28/18,"Dorseyside, OR 03784",4856.41

fffe3900320037003100,Misty Sheridan,0.58,5.0,3.0,62.0,Clay,5.4,15.89,No,Yes,No,Roadways,Yes,Wealthy,No,07/17/17,07/17/17,"West Joshua, UT 58283",213.63

fffe31003600,Sue Adamski,0.01,9.0,4.0,,,11.24,11.53,Yes,No,No,Waterways,No,Working Class,,01/15/16,01/15/16,"Danielchester, MA 66195",169.54

fffe3500350030003800,Ariana Sanchez,0.22,34.0,14.0,734.0,Wood,5.66,14.83,No,No,No,,No,Working Class,,02/17/17,02/16/17,FPO AE 59231,143.29

fffe3800310039003100,Etsuko Larick,0.54,58.0,11.0,3130.0,Aluminium,7.92,23.99,No,No,Yes,Waterways,No,Working Class,No,08/07/15,08/03/15,"Jacksonmouth, FL 71083",654.74

fffe320036003400,Hank Garvin,,34.0,21.0,1501681.0,Marble,3170.32,37.76,No,Yes,Yes,,No,Working Class,No,10/23/15,10/24/15,"North Nicolefurt, CA 57103",15657.97

fffe3800360033003600,Georgina Tell,0.81,16.0,8.0,852.0,Clay,5.6,18.01,No,No,Yes,Waterways,Yes,Wealthy,No,11/16/15,11/16/15,"Rossborough, SC 65283",556.25

fffe3800310035003900,Robbin Savage,0.4,17.0,6.0,132.0,Aluminium,6.39,12.63,No,No,No,Waterways,No,Working Class,No,09/20/18,09/20/18,"Websterport, MS 67099",165.52

fffe3100390039003800,Kimberly Mosley,0.11,,7.0,559.0,Clay,6.92,11.28,No,No,No,Airways,Yes,Working Class,No,11/01/18,10/29/18,"South Eric, ME 82288",132.45

fffe3100310033003600,Daniel Heflin,0.6,21.0,13.0,1628.0,Aluminium,10.5,19.97,Yes,No,No,,No,Working Class,No,10/30/16,10/28/16,"West Vanessashire, CA 11793",349.03

fffe3400360037003500,Jeannie France,0.85,28.0,,440.0,Wood,6.28,13.93,No,No,Yes,,No,Working Class,No,11/11/18,11/08/18,"Lake Ashleyview, NC 26080",758.65

fffe350036003700,Stephen Campbell,0.49,29.0,15.0,837159.0,Marble,1660.08,58.58,No,No,No,,No,Working Class,No,07/13/19,07/17/19,"North Melissaberg, CT 38014",4410.58

fffe3800330038003500,Judy Marsh,0.72,28.0,9.0,850310.0,Stone,4816.24,27.93,Yes,Yes,No,Airways,No,Working Class,No,02/03/15,02/06/15,"Ruthhaven, MA 11717",74681.21

fffe3600370039003400,John Mathewson,0.44,10.0,5.0,243.0,Aluminium,5.51,15.41,No,Yes,Yes,Airways,No,Working Class,No,11/20/18,11/18/18,"East Kendra, DC 14795",207.92

fffe3300370033003300,Barry Spencer,0.25,9.0,,5372.0,Marble,7.31,74.54,No,No,No,Roadways,No,Wealthy,No,12/15/15,12/11/15,"Hessshire, IL 85782",556.14

fffe3800390037003900,James Williams,0.84,23.0,11.0,13823.0,Bronze,10.43,35.11,Yes,No,No,Waterways,No,Wealthy,Yes,12/02/18,12/06/18,"Lake James, MA 48686",1014.51

fffe3400320039003000,Christine Albert,0.39,3.0,3.0,164.0,,4.56,22.96,Yes,Yes,No,Airways,No,Wealthy,No,08/25/15,08/21/15,DPO AE 01017,297.94

fffe3400320031003200,Viola Carpenter,0.21,39.0,26.0,115073.0,Bronze,151.72,60.82,No,No,No,,No,Working Class,No,05/28/15,05/29/15,"Thomasshire, GA 44645",949.33

fffe3700300038003600,John Cooke,0.56,12.0,8.0,797.0,Clay,3.47,18.87,No,No,Yes,Roadways,Yes,Working Class,No,03/17/18,03/17/18,"Williamhaven, AL 11319",275.69

fffe3800340037003600,Diane Kendall,0.93,6.0,4.0,32.0,Wood,5.06,18.09,No,No,Yes,Waterways,No,Working Class,No,07/20/15,07/20/15,"Sarafurt, PA 56959",359.74

fffe360037003000,Patricia Mata,0.68,22.0,10.0,,Clay,19.3,15.95,No,Yes,No,Airways,Yes,Wealthy,Yes,12/09/17,12/09/17,"Port Michaelberg, OH 65714",521.76

fffe3500360032003900,Vivian Tarver,0.08,22.0,11.0,10438.0,Bronze,14.36,44.32,No,No,Yes,Waterways,No,Working Class,Yes,07/02/19,06/28/19,"New Michael, NV 97713",336.7

fffe3600300037003400,Maryann Mcgraw,0.06,43.0,9.0,33757.0,Brass,14.34,48.83,No,No,No,Roadways,No,Working Class,No,02/08/15,02/06/15,FPO AA 66836,371.15

fffe3300360030003000,Lawrence Croce,0.79,16.0,6.0,689.0,Clay,6.32,14.91,No,No,No,Roadways,Yes,Working Class,Yes,10/22/18,10/25/18,"Clarkport, WI 04641",429.19

fffe370039003000,Mary Rapelyea,0.72,42.0,7.0,3475.0,Clay,21.05,14.52,Yes,Yes,Yes,Airways,Yes,Wealthy,No,07/17/16,07/14/16,"Cookfurt, MI 36548",1046.37

fffe3700350038003100,Maxine Hesselschward,0.04,31.0,12.0,5309.0,Clay,12.22,72.86,Yes,Yes,No,Airways,Yes,Working Class,Yes,08/22/17,08/18/17,"South Spencer, MA 46214",511.79

fffe3800340038003200,Kathleen Rivera,0.77,37.0,6.0,2492.0,Clay,15.98,19.6,No,No,No,Roadways,Yes,Working Class,Yes,05/07/18,05/06/18,"New Tiffany, MN 81751",625.31

fffe3600380036003400,Andrew Butler,0.51,46.0,10.0,1407706.0,Marble,3272.87,85.37,Yes,No,No,Airways,Yes,Working Class,No,06/26/18,06/29/18,APO AP 12534,15869.13

fffe3100390031003400,Amber Ramirez,0.85,20.0,9.0,908.0,Aluminium,4.49,24.18,No,Yes,No,Airways,No,Wealthy,,10/10/16,10/10/16,"Thomasfurt, OK 31758",714.56

fffe3400350038003100,Paul Kalas,,8.0,4.0,5191.0,Stone,16.33,97.57,No,No,No,Roadways,No,Working Class,,01/06/15,01/04/15,"Lake Lisahaven, MD 39186",610.86

fffe3600370035003600,Tessie Graham,0.48,9.0,5.0,63.0,Wood,5.13,20.07,No,No,No,Roadways,No,Working Class,No,03/02/15,03/01/15,"Millertown, KS 97251",201.98

fffe3500330034003900,Michael Cullens,0.92,15.0,8.0,,Bronze,4.22,20.3,Yes,No,No,Waterways,No,Working Class,No,03/07/17,03/09/17,"Hernandezville, TN 64771",531.82

fffe3400370037003000,Dorothy Lejeune,0.53,13.0,6.0,1976.0,Bronze,12.08,24.46,No,No,No,Roadways,No,Working Class,Yes,08/23/18,08/23/18,"Dorseyville, NM 17468",298.76

fffe3300310037003200,Traci Breckenridge,0.03,14.0,8.0,1108.0,Clay,5.47,12.99,Yes,No,No,Roadways,Yes,Working Class,,11/05/17,11/03/17,"East Waynefort, NJ 33339",148.25

fffe3400380034003000,Kaci Simmons,0.2,42.0,16.0,98291.0,Brass,206.3,53.08,Yes,No,No,Waterways,No,Working Class,No,07/20/17,07/20/17,"Blankenshipmouth, LA 99935",702.89

fffe3400320036003500,Brandon Pena,0.47,6.0,5.0,,Bronze,4.76,20.32,No,No,No,,No,Working Class,No,11/17/15,11/18/15,"South Linda, GA 99495",199.21

fffe3200370034003400,Gianna Miyoshi,0.35,35.0,,170581.0,Brass,521.45,48.13,No,No,Yes,Waterways,No,Working Class,No,12/02/18,12/05/18,"North Matthewfort, AK 08600",2483.97

fffe3100340036003300,Wanda Waltman,0.84,,7.0,,Wood,6.19,16.15,No,Yes,Yes,Roadways,No,Working Class,No,12/16/15,12/12/15,FPO AA 72813,567.14

fffe3900380031003100,Jasper Campbell,0.83,20.0,6.0,562.0,Clay,6.06,13.87,No,No,No,Waterways,Yes,Working Class,Yes,04/06/16,04/03/16,"Port Kathy, WA 11965",570.88

fffe3800360030003200,Mercedes Smith,0.39,11.0,6.0,233.0,Aluminium,3.82,20.69,No,No,No,Roadways,No,Working Class,No,02/13/16,02/14/16,"West Christine, MA 45679",177.06

fffe3800320036003700,Jessie Durden,0.25,33.0,28.0,88862.0,Bronze,43.68,56.89,Yes,Yes,Yes,Airways,No,Wealthy,No,08/25/16,08/29/16,"New Brandiside, WA 39105",1459.74

fffe3300360033003300,Bernard Hawkinson,0.37,16.0,7.0,188.0,Wood,4.89,17.26,No,Yes,No,Roadways,No,Wealthy,No,12/09/17,12/09/17,"West Manuel, FL 71827",187.84

fffe390039003800,Talitha Austin,0.08,24.0,20.0,637.0,Wood,5.23,12.64,Yes,Yes,Yes,Airways,No,Working Class,No,03/20/17,03/17/17,"North Jonathanberg, WA 05847",161.28

fffe3600380031003700,Tami Webster,0.93,17.0,8.0,92844.0,Marble,291.18,95.16,No,No,No,Roadways,No,Working Class,No,06/03/15,06/06/15,"Watsonberg, NJ 38907",2910.66

fffe3900340034003300,Audrey Albrecht,0.68,8.0,5.0,87.0,Aluminium,3.05,20.55,Yes,No,Yes,Waterways,No,Working Class,No,08/06/16,08/02/16,"East Christychester, DC 11463",293.23

fffe3900340030003900,Joseph Kirkland,0.63,16.0,6.0,2111.0,Bronze,8.87,23.05,No,No,No,Roadways,No,Wealthy,No,01/20/15,01/17/15,"Angelafort, ND 39221",636.08

fffe3900310036003300,Justin Jackson,0.08,15.0,7.0,783.0,Clay,4.13,21.46,No,No,Yes,Roadways,Yes,Working Class,No,03/11/15,03/11/15,"Tarabury, RI 12944",166.67

fffe3100310035003600,Jeremy Doughty,0.1,10.0,4.0,146.0,Aluminium,6.67,22.69,Yes,No,No,Airways,No,Working Class,No,07/10/16,07/10/16,"Craneport, CO 47229",159.33

fffe3900330031003900,Melissa Smith,0.17,22.0,12.0,389987.0,Marble,1325.12,61.98,No,No,Yes,Airways,No,Wealthy,Yes,03/31/19,03/29/19,"Smithview, IL 42747",2743.09

fffe3900340036003300,Kevin Gunter,0.36,15.0,8.0,18757.0,Marble,26.85,74.67,No,Yes,No,Roadways,No,Wealthy,No,08/14/16,08/13/16,"Lake Carlton, AR 37950",719.14

fffe3700340033003400,Eunice Benson,0.39,19.0,7.0,259.0,Wood,3.19,22.75,Yes,No,Yes,Waterways,No,Working Class,No,01/12/17,01/08/17,"East Michelle, IA 78038",257.37

fffe3600310033003500,Diane Woods,,28.0,13.0,2343.0,Clay,4.39,12.6,Yes,Yes,No,Airways,Yes,Wealthy,,08/27/16,08/23/16,"Walkermouth, AZ 92136",1271.31

fffe3300350033003000,Fannie Henderson,0.16,21.0,9.0,201924.0,,264.68,65.27,No,No,No,Roadways,No,Working Class,No,04/19/18,04/17/18,"Dennisland, UT 64975",926.44

fffe3900310032003400,Robert King,0.14,15.0,8.0,3911.0,Brass,14.12,18.68,No,Yes,No,Airways,No,Working Class,No,04/17/15,04/13/15,"Rosariomouth, NH 06597",227.35

fffe310030003200,Mark Nicholson,0.11,16.0,8.0,153774.0,Stone,95.59,53.76,Yes,No,No,,No,Working Class,No,06/05/17,06/05/17,"North Matthewport, NC 14395",900.68

fffe3100370032003300,Nancy Ryan,0.34,14.0,6.0,2708.0,Brass,6.79,10.25,No,No,No,,No,Working Class,No,08/18/17,08/20/17,"New Ryan, OK 06816",156.85

fffe3400340039003800,Jean Esters,,49.0,10.0,,Wood,4.87,23.98,Yes,No,No,Waterways,No,Working Class,No,12/02/16,12/02/16,"Brandyshire, ID 76538",150.88

fffe32003800,Justin Dorsey,0.05,14.0,6.0,,Marble,19.86,49.89,Yes,No,No,,No,Wealthy,No,06/19/16,06/21/16,"New Rachel, NJ 82049",327.73

fffe3400340038003500,Kayla Ojeda,0.65,,11.0,26111.0,,113.22,77.46,Yes,No,Yes,,No,Wealthy,Yes,05/08/15,05/10/15,"Rickystad, DC 71512",1981.74

fffe3900300035003700,Estelle Troup,0.39,9.0,4.0,756.0,Brass,3.59,18.63,Yes,Yes,Yes,Airways,No,Working Class,No,03/13/19,03/13/19,"East Samanthaland, MO 34518",240.68

fffe360039003000,Dorothy Ferguson,0.64,37.0,,213.0,Wood,6.77,21.75,Yes,No,Yes,,No,Working Class,No,02/08/17,02/06/17,"Port Robertmouth, OH 86465",596.66

fffe3500350032003000,Stephanie Westerman,0.34,16.0,7.0,3360.0,Bronze,8.16,10.86,No,No,Yes,Roadways,No,Working Class,Yes,05/05/18,05/05/18,DPO AA 51350,246.23

fffe3800370036003700,Ruby Duley,0.94,4.0,4.0,51.0,Aluminium,3.9,24.61,Yes,Yes,Yes,Airways,No,Working Class,No,01/26/17,01/29/17,"North Robert, TN 49863",310.82

fffe3400350030003000,Basil Greenfield,,16.0,6.0,32209.0,Marble,35.54,83.12,No,No,No,Roadways,No,Wealthy,No,03/11/17,03/11/17,"South Tammy, NJ 60966",517.38

fffe3700390037003000,Andrew Hoyt,0.59,39.0,9.0,5539.0,Clay,8.45,72.73,No,Yes,Yes,Airways,Yes,Wealthy,No,12/06/17,12/10/17,"Markhaven, NH 86910",1749.17

fffe3600360034003000,Brenda Waters,0.11,12.0,8.0,58613.0,Stone,186.29,59.95,Yes,No,No,Airways,No,Working Class,No,04/25/17,04/23/17,"South Joseph, MO 42580",699.1

fffe3500320034003000,Alethia Ruiz,0.41,30.0,6.0,1027.0,Aluminium,5.82,12.86,No,No,Yes,,No,Working Class,No,12/09/16,12/08/16,"North Nancy, MA 39848",213.46

fffe3700320030003000,Elizabeth Vachon,0.19,11.0,6.0,55.0,Wood,3.32,22.03,No,No,No,Roadways,No,Working Class,No,01/19/15,01/23/15,"South Thomastown, VT 23832",128.58

fffe3900310038003700,Jennifer Bradford,0.26,21.0,11.0,10714.0,Bronze,31.61,58.14,Yes,Yes,Yes,Airways,No,Wealthy,No,09/02/17,09/02/17,"New Joshuafurt, CO 57966",674.56

fffe3900320035003600,Gena Clark,0.55,26.0,9.0,13938.0,Bronze,90.36,30.54,No,No,No,Roadways,No,Working Class,No,08/09/17,08/07/17,"Markport, PA 15924",2932.92

fffe3800380030003000,Lois Salinas,0.88,34.0,15.0,1647.0,Aluminium,3.78,23.65,No,No,No,Roadways,No,Working Class,Yes,01/14/15,01/10/15,"South Stevenborough, NV 53874",1075.65

fffe3700340033003900,Joann Johnson,0.29,22.0,6.0,4947.0,Brass,6.41,12.54,No,No,No,Roadways,No,Working Class,No,02/14/15,02/13/15,"Lake Joshuafurt, AZ 56871",197.84

fffe3700360036003800,Joann Jones,0.41,12.0,8.0,18600.0,Marble,26.45,31.01,No,No,No,Roadways,No,Working Class,No,07/12/16,07/14/16,"East Sharon, NV 64695",353.05

fffe3300330034003000,David Silvia,0.36,24.0,15.0,,Brass,23.51,66.19,Yes,No,Yes,Waterways,No,Working Class,No,04/20/17,04/20/17,"Joshuaport, NY 82915",740.21

fffe3700380039003700,Dale Helmick,0.87,23.0,16.0,1258488.0,Stone,4850.98,71.87,Yes,No,No,Waterways,No,Working Class,Yes,05/10/15,05/11/15,"Stephenport, MA 38819",46376.54

fffe3700350031003900,Steven Lemon,0.32,11.0,6.0,1176.0,Brass,5.73,22.12,Yes,No,No,Waterways,No,Wealthy,No,09/01/18,09/03/18,"Lake Alyssa, VT 02528",228.45

fffe3700370030003900,Jean Cook,0.66,28.0,13.0,6262.0,Bronze,37.29,78.0,No,Yes,Yes,Airways,No,Wealthy,No,09/20/17,09/16/17,"Coryfurt, WV 09880",2058.45

fffe3400370031003600,Vicente Levine,,16.0,8.0,4998.0,,12.98,19.57,No,Yes,No,,No,Working Class,,03/09/19,03/12/19,"Lake Melissa, NJ 08088",179.04

fffe3300330033003400,Florence Shabel,0.56,29.0,11.0,1571.0,Aluminium,6.92,10.36,No,No,No,Roadways,No,Working Class,No,02/10/15,02/08/15,"Lake Paulstad, MI 47763",257.87

fffe3100350033003300,Ann Nickerson,0.92,16.0,7.0,3068.0,,5.8,16.02,No,Yes,Yes,,No,Working Class,No,08/02/19,08/03/19,"Juliestad, CA 16712",755.6

fffe340033003700,Gene Dean,0.13,12.0,8.0,816.0,Clay,5.24,24.07,No,No,No,,Yes,Wealthy,No,06/01/18,05/28/18,"Stewartberg, DE 77122",201.92

fffe3200310032003400,Kenneth Kelley,0.16,4.0,4.0,516.0,Marble,3.67,13.91,No,No,Yes,,No,Working Class,No,07/19/17,07/19/17,"Martinchester, LA 66769",181.38

fffe3300320037003900,Ernest Przedwiecki,0.92,24.0,12.0,797724.0,Stone,1052.44,39.74,Yes,No,Yes,Waterways,No,Working Class,No,10/31/16,10/27/16,"Emilybury, TX 96570",5303.74

fffe3900340030003800,Randell Depew,0.22,25.0,22.0,37710.0,Bronze,47.45,65.94,No,No,No,Roadways,No,Working Class,No,08/11/16,08/07/16,"East Renee, AK 37808",666.12

fffe3900320032003600,Michelle Javier,0.46,23.0,8.0,3215.0,Bronze,8.39,25.0,No,No,Yes,Waterways,No,Working Class,No,02/02/16,01/29/16,"Nicholsonton, DE 69134",461.54

fffe3100340031003300,Kelly Kopecky,,18.0,9.0,133.0,Wood,4.59,23.45,No,No,No,,No,Working Class,No,11/20/15,11/24/15,"Millermouth, MT 47380",183.46

fffe3700320035003600,Agustina Fox,0.83,14.0,7.0,1175.0,Clay,5.16,13.17,No,Yes,Yes,Airways,Yes,Wealthy,No,08/31/17,08/27/17,"Ronaldside, OH 60489",645.47

fffe3900360035003900,Ann Minert,0.93,26.0,13.0,508.0,Wood,5.39,11.08,Yes,No,No,Waterways,No,Working Class,No,11/24/17,11/28/17,"East Laurenport, TX 89929",493.47

fffe3800390030003900,Isaac Magers,0.27,8.0,4.0,425.0,Brass,4.05,21.97,No,No,No,Airways,No,Wealthy,No,06/22/18,06/22/18,"Robertton, NH 55058",204.56

fffe3900310033003700,Jesse Mccord,0.3,26.0,9.0,1981.0,Clay,6.83,24.29,No,No,Yes,Waterways,Yes,Working Class,Yes,01/16/17,01/17/17,"Port Markmouth, OK 17233",284.6

fffe3800350035003500,Consuelo Stanley,0.38,3.0,2.0,90.0,Marble,6.81,24.35,No,No,No,Roadways,No,Working Class,No,12/14/15,12/15/15,"East Teresaburgh, AL 02766",229.84

fffe3900390039003400,Gordon Luna,0.93,4.0,4.0,60.0,Aluminium,6.39,24.05,No,No,No,Airways,No,Working Class,No,11/29/15,11/30/15,"Murphyfort, WA 07883",482.69

fffe3100340037003000,Matthew Tom,0.58,20.0,11.0,,Stone,950.96,89.62,No,Yes,No,Airways,No,Wealthy,Yes,11/13/17,11/10/17,"Lake Robinshire, IL 58318",53577.51

fffe3800300033003200,Tamara Valentine,0.43,26.0,6.0,131171.0,Marble,947.48,63.8,Yes,No,No,Waterways,No,Working Class,Yes,06/10/18,06/14/18,"East Manuelport, LA 73561",12213.62

fffe3900380038003700,Frank Jones,0.21,12.0,8.0,37380.0,Marble,46.55,80.59,No,Yes,No,Roadways,No,Working Class,No,06/28/18,06/28/18,"Angelastad, MS 03887",586.62

fffe3300380037003400,Vicki Francis,,29.0,6.0,640.0,Aluminium,4.33,13.76,Yes,No,No,Waterways,No,Working Class,,02/09/18,02/08/18,DPO AA 40701,331.12

fffe3800370037003100,Norma Holscher,0.47,13.0,7.0,238.0,Aluminium,3.57,23.84,No,No,No,Waterways,No,Working Class,No,11/19/16,11/19/16,"Lake Stephanie, TN 99628",229.82

fffe330038003200,Robert Lundy,0.89,21.0,6.0,60587.0,Marble,299.41,81.42,No,Yes,No,Airways,No,Wealthy,No,11/03/15,11/05/15,"South Alexisburgh, IA 95411",3201.04

fffe3200380039003100,Bob Skidmore,0.56,28.0,12.0,738586.0,,4135.51,52.57,Yes,No,No,,No,Working Class,No,12/24/15,12/24/15,"Birdchester, VT 50843",19764.05

fffe3900360032003400,Douglas Workman,0.17,29.0,17.0,6351.0,Clay,9.75,48.36,Yes,No,No,Roadways,Yes,Working Class,No,07/22/17,07/19/17,"Bellfort, OR 26375",460.79

fffe3400300036003900,Tammy Bush,0.47,13.0,,3368.0,Brass,5.24,11.83,No,No,No,Roadways,No,Working Class,No,08/04/15,08/04/15,"West Kevin, CT 92337",210.98

fffe3500370032003000,Gregory Murray,0.56,10.0,,84.0,Aluminium,6.95,21.3,No,No,Yes,,No,Wealthy,No,08/27/18,08/31/18,APO AE 10386,281.67

fffe3800350037003700,Jose Strawder,0.39,15.0,6.0,1726.0,Bronze,8.07,13.94,Yes,Yes,Yes,Airways,No,Working Class,No,08/08/18,08/09/18,"Port Denise, OK 51851",316.59

fffe3700360039003900,Mary Osmer,0.65,36.0,22.0,1980.0,Wood,6.58,17.82,No,No,No,Roadways,No,Wealthy,No,03/10/15,03/10/15,"Rodriguezfort, AZ 42037",536.35

fffe340032003600,Kathleen Fineran,,19.0,9.0,3886.0,Bronze,5.88,12.29,No,Yes,No,Airways,No,Wealthy,No,10/26/15,10/27/15,"North Tomville, WV 28559",301.75

fffe3600330037003800,William Woodhouse,0.42,20.0,10.0,,Aluminium,6.57,10.58,Yes,Yes,No,,No,Working Class,Yes,04/15/19,04/12/19,"East Daniel, CA 94758",260.31

fffe3700320037003600,Vina Connolly,0.25,12.0,7.0,3077.0,Brass,4.26,14.69,No,Yes,No,Airways,No,Working Class,No,10/31/16,11/01/16,"Port Randyburgh, KS 27643",198.24

fffe3100360035003600,Frank Coleman,,21.0,9.0,165624.0,Marble,601.18,61.16,No,Yes,No,Roadways,No,Working Class,No,07/17/18,07/20/18,"Thomasland, NE 66520",2345.85

fffe3400350030003300,Robert Donelson,,14.0,8.0,150906.0,Stone,1264.15,40.01,No,Yes,No,Roadways,No,Working Class,No,08/09/18,08/09/18,DPO AA 18620,3998.87

fffe3800370034003800,Willie Haslett,0.76,5.0,3.0,33.0,Aluminium,4.18,24.37,Yes,Yes,No,Airways,No,Working Class,No,07/17/15,07/13/15,"North Christinafurt, SC 12881",309.88

fffe3800360032003300,Edith Restivo,0.81,14.0,6.0,560.0,Clay,3.34,13.84,No,No,No,Roadways,Yes,Working Class,No,06/22/18,06/22/18,"Michaelberg, NJ 40200",287.17

fffe3600340038003900,Cristina Ward,0.81,13.0,8.0,4362.0,Brass,20.78,21.83,Yes,No,No,Airways,No,Working Class,,07/14/16,07/12/16,"Philipstad, SC 10577",624.45

fffe3500360031003400,Gary Bingham,0.98,22.0,12.0,3990.0,Clay,6.99,10.96,Yes,No,No,Waterways,Yes,Working Class,No,03/11/19,03/12/19,"New Brandi, AL 88573",798.85

fffe3100350032003300,Bobby Hamilton,0.62,61.0,14.0,,Clay,26.99,91.56,No,Yes,No,Airways,Yes,Working Class,No,03/01/17,03/04/17,"Martinfurt, MS 95476",2576.04

fffe3100380031003400,Charles Monty,0.17,16.0,7.0,798.0,Clay,4.04,11.34,No,No,No,Waterways,Yes,Working Class,Yes,10/23/18,10/25/18,APO AA 07266,122.23

fffe3700360033003400,Jackson Gallemore,0.46,19.0,7.0,8167.0,Brass,17.76,91.02,Yes,No,No,Roadways,No,Wealthy,No,02/07/16,02/08/16,"Alvarezborough, LA 86944",1022.07

fffe3200300031003200,Mary Sage,,35.0,25.0,77966.0,,498.17,84.03,No,No,Yes,Roadways,No,Working Class,Yes,10/31/17,11/03/17,"North Donna, UT 60038",6166.62

fffe3200340031003000,Nina Ginn,0.44,34.0,18.0,2735.0,Aluminium,4.89,12.61,Yes,Yes,Yes,Airways,No,Wealthy,No,11/16/16,11/17/16,"East Leslie, NC 95375",392.35

fffe3200330034003800,Roger Franco,0.52,29.0,8.0,318.0,Wood,4.17,24.27,No,Yes,No,,No,Working Class,No,04/30/15,04/27/15,APO AE 43344,342.91

fffe3900330031003300,Alvin Bornstein,0.21,26.0,19.0,2070263.0,Stone,2340.58,96.05,Yes,Yes,Yes,Airways,No,Working Class,Yes,09/24/15,09/21/15,"East Samanthachester, KY 13826",16416.24

fffe3300360035003400,Henry Collins,0.05,28.0,,1486.0,Aluminium,5.18,20.94,No,No,No,,No,Working Class,No,03/06/17,03/04/17,"Port Hunterbury, NJ 90753",141.31

fffe3300310033003300,Gloria Sawyers,0.25,40.0,12.0,2109.0,Aluminium,4.77,24.76,No,No,Yes,Roadways,No,Working Class,No,02/17/18,02/15/18,"Davidchester, OK 70436",259.89

fffe3100330036003200,John Johnson,0.2,12.0,8.0,,Brass,3.24,10.86,No,Yes,Yes,Roadways,No,Wealthy,No,09/22/16,09/20/16,"East Elizabethbury, FL 98225",234.03

fffe3500300037003100,Janet Duffin,0.39,17.0,,2296.0,,7.02,14.2,Yes,No,No,Waterways,No,Working Class,No,05/02/17,04/30/17,"Jessicaland, WV 20032",232.24

fffe3200350030003200,Katherine Bentley,0.49,7.0,4.0,130.0,Clay,6.28,24.65,No,No,Yes,Roadways,Yes,Working Class,No,12/10/16,12/08/16,"Carrberg, ND 05934",278.27

fffe3600370032003900,Betsy Christian,0.19,4.0,3.0,450.0,Marble,5.26,24.34,No,No,No,Roadways,No,Working Class,No,02/22/19,02/18/19,FPO AA 62809,232.42

fffe3700360038003400,Tamara Heffron,0.1,35.0,17.0,3175976.0,Marble,3037.69,28.03,No,No,No,Airways,No,Working Class,No,03/03/17,03/07/17,"Hollyfurt, ME 09415",7717.38

fffe3300380033003800,Robert Rose,0.13,7.0,4.0,53.0,Aluminium,4.74,10.96,Yes,No,No,,No,Working Class,Yes,04/07/18,04/05/18,DPO AP 06906,119.55

fffe3500300035003200,William Deason,0.26,14.0,8.0,98617.0,,208.85,63.56,No,No,Yes,Roadways,No,Working Class,,02/21/17,02/17/17,"New Michael, ID 95859",1159.44

fffe3700350033003700,Nicki Mason,0.48,26.0,12.0,425182.0,Marble,509.33,78.22,No,No,No,Roadways,No,Working Class,No,04/18/17,04/19/17,"West April, NH 42070",3958.9

fffe3100360039003800,Emery Jackson,0.87,19.0,9.0,4537.0,Bronze,36.02,18.54,No,No,No,Roadways,No,Working Class,,11/14/18,11/16/18,FPO AA 90656,627.7

fffe3100340035003800,Richard Monahan,0.21,51.0,,247279.0,,855.03,95.82,Yes,No,Yes,Airways,No,Working Class,,08/02/15,08/05/15,DPO AP 45748,5794.09

fffe3500380030003100,Susan Bramuchi,0.69,44.0,15.0,3135956.0,Marble,10201.28,27.45,Yes,No,Yes,,Yes,Working Class,No,08/06/19,08/02/19,"West Laura, OR 26876",46073.5

fffe3300370039003100,Jonathan Evens,0.41,,7.0,298.0,Clay,5.67,21.61,Yes,No,No,Waterways,Yes,Working Class,,03/04/19,03/08/19,"Rodriguezfurt, MS 28199",206.47

fffe3600380033003800,Cynthia Viteri,0.97,30.0,9.0,316.0,Wood,3.59,17.54,No,No,Yes,Roadways,No,Working Class,No,03/05/15,03/05/15,APO AA 87305,831.52

fffe3500310037003800,Richard Yager,0.16,46.0,15.0,108046.0,Brass,468.46,27.43,No,No,No,Roadways,No,Wealthy,,04/30/17,04/30/17,"Lyonsborough, SD 46425",1189.45

fffe3800390032003700,John Moisan,0.33,14.0,8.0,160.0,Wood,4.48,22.07,No,No,No,Waterways,No,Working Class,No,01/10/19,01/11/19,"South Johnport, MN 57284",174.95

fffe310036003300,Dee Johnson,0.9,30.0,14.0,3149773.0,Stone,14175.18,64.48,No,Yes,Yes,Roadways,No,Working Class,No,05/30/19,05/27/19,"Lake Lauren, MA 93867",95018.19

fffe3400360037003100,Michael Goodwin,0.52,25.0,14.0,483.0,Wood,6.47,11.07,No,No,Yes,Roadways,No,Working Class,No,01/28/19,01/24/19,"Alecchester, DE 75377",283.19

fffe3200320037003500,Don Cornejo,,12.0,7.0,3667.0,Brass,6.62,17.38,No,No,No,Roadways,No,Working Class,No,11/15/16,11/17/16,"Port Brendamouth, AK 72757",197.22

fffe3300330030003300,Kenneth Sutton,,22.0,6.0,969.0,Clay,8.88,11.9,No,Yes,No,Airways,Yes,Working Class,No,10/16/18,10/18/18,"Hoffmanside, HI 28219",665.73

fffe3800310039003700,Mabel Boone,0.12,11.0,7.0,2041.0,Bronze,3.28,24.3,Yes,Yes,Yes,Airways,No,Wealthy,No,11/20/18,11/16/18,"Lisamouth, CO 15057",264.78

fffe3100300038003600,Anne Orr,0.49,16.0,8.0,773.0,,5.77,18.65,Yes,No,Yes,Airways,No,Working Class,No,08/20/19,08/24/19,"Samueltown, CT 40124",263.63

fffe3600350036003500,Mark Malcolm,0.14,17.0,10.0,225707.0,Stone,522.66,48.07,Yes,No,Yes,Airways,No,Working Class,Yes,07/21/18,07/21/18,"Paulside, MI 15236",2048.09

fffe3900380034003900,Thomas Kuszynski,0.39,24.0,8.0,2151.0,Clay,8.13,19.71,No,Yes,Yes,Airways,Yes,Wealthy,No,03/05/19,03/09/19,"West Valerie, AR 14864",400.81

fffe3800340035003100,Walter Ovit,0.33,41.0,26.0,293070.0,Brass,940.28,29.82,No,No,Yes,Waterways,No,Working Class,Yes,08/13/16,08/11/16,"Lake Davidport, OR 62495",10076.43

fffe3400380035003100,Philip Mercier,0.08,10.0,5.0,84.0,Wood,6.6,10.72,No,No,Yes,,No,Working Class,Yes,01/17/19,01/13/19,"Lake Andrew, MO 55256",123.72

fffe3200350038003300,Jessica Marshall,0.39,4.0,3.0,46.0,,4.0,12.62,No,No,No,Roadways,Yes,Working Class,No,03/13/18,03/13/18,"East Jason, RI 87676",131.15

fffe380038003500,Robert Enger,0.66,26.0,,43625.0,Brass,418.78,78.24,Yes,No,No,Waterways,No,Working Class,No,08/11/18,08/12/18,"Lake Robert, OK 44280",3769.42

fffe3800340035003000,Dennis Palmer,0.65,31.0,8.0,230.0,Wood,5.71,17.31,Yes,No,Yes,Waterways,No,Working Class,No,05/24/19,05/23/19,"West Michaelmouth, FL 04896",423.08

fffe3500350030003200,Alejandro Palmer,0.8,21.0,,6059.0,Bronze,8.61,37.95,Yes,Yes,No,,No,Wealthy,No,09/30/16,10/04/16,APO AP 23530,1633.56

fffe3500380038003800,Kevin Topete,0.36,37.0,9.0,,Bronze,23.86,54.28,No,No,Yes,Roadways,No,Working Class,,08/11/18,08/14/18,"Johnstonville, IN 16112",545.64

fffe3600360030003900,Joseph Rogers,0.49,12.0,6.0,2003.0,Brass,6.87,22.76,Yes,No,Yes,Waterways,No,Working Class,No,07/13/19,07/15/19,FPO AP 71272,312.97

fffe3200350038003000,Janet Aguayo,0.8,21.0,8.0,1140.0,Clay,4.69,13.78,No,No,Yes,,Yes,Working Class,No,02/28/17,02/27/17,APO AA 47386,468.99

fffe3200330035003100,Joel Boles,0.63,41.0,28.0,284664.0,Brass,1406.93,52.97,No,Yes,No,Airways,No,Wealthy,,06/14/19,06/12/19,DPO AP 65407,10377.89

fffe3100380030003000,Doris Valenza,0.26,26.0,6.0,167037.0,Marble,415.28,27.16,No,Yes,Yes,Airways,No,Working Class,No,10/20/17,10/16/17,"Julieville, OR 97008",2513.29

fffe3600350036003100,Sabrina Hall,0.18,6.0,4.0,29.0,Wood,5.02,10.92,Yes,No,No,Waterways,No,Working Class,No,09/23/15,09/23/15,"Lake Tracy, ND 18591",104.46

fffe3600310037003000,William Arostegui,0.94,7.0,5.0,197.0,Clay,5.1,15.22,No,No,Yes,,Yes,Working Class,,03/05/15,03/06/15,DPO AA 50662,410.98

fffe3700350038003700,Angel Singer,0.1,30.0,17.0,1233.0,Wood,6.05,17.3,No,No,Yes,Roadways,No,Working Class,No,03/26/17,03/30/17,"Adriennemouth, IL 98544",135.43

fffe3200300032003200,Scott Ripley,,4.0,,,Aluminium,5.71,18.38,No,No,No,,No,Working Class,No,12/02/16,12/06/16,DPO AE 59440,229.36

fffe3300340035003100,Carma Harless,0.34,33.0,12.0,49445.0,Brass,104.95,78.63,No,No,Yes,Roadways,No,Working Class,No,01/15/17,01/18/17,"Chanmouth, IL 42592",1039.62

fffe3100380037003200,Rosario Nicklas,0.65,,23.0,,Stone,98670.21,56.57,No,No,Yes,Roadways,No,Working Class,No,11/20/15,11/23/15,"Michaelside, CT 21533",4976100.89

fffe380030003100,Raymond Holder,0.23,32.0,16.0,,Clay,10.42,20.4,Yes,No,Yes,Waterways,Yes,Working Class,Yes,10/10/17,10/11/17,"Port Josephville, NM 94373",268.22

fffe3500360030003600,Stephanie Smith,,33.0,8.0,768259.0,Stone,1043.13,46.68,No,Yes,No,Airways,No,Wealthy,,07/20/18,07/21/18,"Stephenborough, RI 05384",4989.85

fffe3800390037003400,Bobby Swain,0.21,15.0,8.0,89921.0,Stone,239.54,85.99,No,No,Yes,Roadways,No,Wealthy,No,04/18/15,04/18/15,"Melaniechester, IN 75916",1138.5

fffe3700350031003800,Jo White,0.39,7.0,4.0,1637.0,Marble,10.28,24.23,No,Yes,No,Airways,No,Wealthy,No,11/28/15,12/02/15,"Jasonfurt, IL 15652",259.68

fffe340034003600,Timothy Davison,0.75,21.0,8.0,,Brass,12.12,69.08,No,No,No,Roadways,No,Working Class,No,05/01/18,05/02/18,"Joshuaburgh, AZ 62655",1238.69

fffe3200380039003800,John Slaughter,0.22,15.0,7.0,578.0,Aluminium,4.95,14.71,No,Yes,No,,No,Wealthy,,08/27/15,08/29/15,"Emilyberg, TX 15319",158.31

fffe3200300036003300,Michael Howe,0.49,7.0,,5046.0,Stone,10.31,70.65,No,Yes,Yes,,No,Wealthy,,01/24/19,01/27/19,"New Jon, ID 20621",621.03

fffe3600300038003900,Billie Dubois,0.58,14.0,7.0,3482.0,,21.13,22.26,Yes,Yes,No,Airways,No,Working Class,No,08/27/15,08/27/15,"South Susan, WY 65563",452.4

fffe3700390032003100,Rosalina Godinez,0.97,20.0,9.0,5691.0,Brass,41.13,28.23,No,Yes,Yes,Airways,No,Wealthy,No,08/19/18,08/19/18,"Troyside, OH 85288",2155.54

fffe3900320035003800,Louie Steffel,0.13,13.0,8.0,2578.0,Bronze,7.4,22.76,No,Yes,No,Roadways,No,Wealthy,No,11/13/15,11/11/15,"South Cheryl, IA 96400",222.07

fffe3300320038003200,James Packard,0.18,,20.0,3423.0,Aluminium,15.71,17.95,No,Yes,No,,No,Working Class,Yes,06/10/15,06/09/15,"Port Charles, CO 60804",218.23

fffe3200310037003200,Ryan Collins,0.17,3.0,,3.0,Wood,3.08,12.67,No,No,Yes,Roadways,No,Working Class,Yes,11/19/16,11/22/16,"East Tammyshire, WA 86756",99.01

fffe3900330030003300,Scott Crossley,0.32,20.0,9.0,1802.0,Clay,6.87,18.32,No,Yes,No,Airways,Yes,Working Class,No,09/04/18,09/07/18,"North Natashastad, NY 56700",235.96

fffe3300390035003100,Anna Grant,0.01,13.0,6.0,804.0,Clay,3.46,13.58,No,No,No,Roadways,Yes,Working Class,No,10/16/16,10/14/16,"Port Robertmouth, DE 40300",121.04

fffe3600300039003700,Betty Dellano,0.52,33.0,,83445.0,Brass,335.83,90.89,Yes,No,No,Waterways,No,Working Class,No,03/08/15,03/09/15,FPO AP 39980,2121.09

fffe3800370038003200,Dennis Mcveigh,0.8,21.0,8.0,3883.0,Bronze,14.84,21.6,Yes,No,No,Waterways,No,Working Class,No,04/03/19,04/03/19,"Stevenland, NE 93022",514.66

fffe3300300038003100,Mark Myers,,29.0,24.0,,Brass,531.54,95.62,No,No,No,Roadways,No,Working Class,,12/03/15,12/06/15,"Danielshire, SC 70133",2117.15

fffe3900380030003400,Alan Allen,0.79,14.0,7.0,2608.0,Bronze,9.67,12.13,No,No,No,Airways,No,Working Class,Yes,01/06/18,01/03/18,"Dillonstad, NM 66732",1436.96

fffe3900300030003200,Adam Becerra,0.16,41.0,14.0,1101.0,Aluminium,5.52,22.36,Yes,No,No,Waterways,No,Working Class,No,10/19/17,10/19/17,"West Brianton, TX 57519",172.93

fffe3800300033003900,Curt Lopez,0.8,3.0,2.0,8.0,Clay,6.58,17.57,No,No,No,Roadways,Yes,Working Class,Yes,03/31/18,04/04/18,"New Evan, AR 57226",286.37

fffe3200310033003400,Jeanette Joyce,0.3,15.0,8.0,,Wood,5.48,11.61,Yes,No,Yes,Waterways,No,Working Class,Yes,07/12/18,07/09/18,"South Amyville, WY 83706",171.18

fffe3500310038003800,Jill Molina,0.36,15.0,,271.0,,5.7,18.82,No,No,No,Waterways,Yes,Working Class,No,07/08/16,07/08/16,"West Stephenstad, NC 51118",195.74

fffe3700370032003500,Helene Ford,0.53,9.0,5.0,684.0,Bronze,3.97,19.92,No,No,No,Roadways,No,Working Class,No,12/26/18,12/28/18,"Josephville, DE 51278",208.41

fffe3800310034003800,Hazel Suits,0.44,12.0,8.0,25008.0,Marble,107.14,37.44,No,No,Yes,Roadways,No,Wealthy,No,07/27/18,07/26/18,"Johnsberg, GA 04128",648.21

fffe360030003800,Anthony Edwards,0.25,9.0,5.0,675.0,Bronze,5.86,22.29,No,No,Yes,Roadways,No,Working Class,No,07/01/15,07/05/15,"Port Mikayla, IA 11077",179.23

fffe3400350038003400,Evelyn Gilbert,0.88,,13.0,6921.0,Clay,40.14,86.94,Yes,Yes,Yes,Airways,Yes,Wealthy,No,05/15/16,05/12/16,"Johnsonside, IN 58494",5897.0

fffe3100390036003400,Brandon Lee,0.76,23.0,13.0,16068.0,Bronze,145.08,98.27,No,No,No,Roadways,No,Working Class,No,12/31/17,01/01/18,"West Stevenmouth, NV 66148",2136.88

fffe3800370032003700,Dina Walker,0.39,26.0,16.0,2439.0,Aluminium,3.85,18.79,Yes,No,No,Waterways,No,Working Class,No,03/03/15,03/03/15,"Rojasside, CA 67997",224.0

fffe3200330036003300,Ellen Hochstetler,0.59,8.0,5.0,2930.0,Marble,6.75,10.19,No,No,No,Airways,No,Working Class,No,12/13/16,12/13/16,"Kaisertown, HI 24134",259.93

fffe350036003900,Robert Harper,0.98,49.0,18.0,6212.0,Aluminium,13.3,36.92,No,No,Yes,Airways,No,Working Class,,08/17/19,08/17/19,"Santanaburgh, MD 37808",3074.8

fffe3600310035003900,Theodore Finn,0.43,8.0,5.0,275.0,Bronze,4.82,20.1,Yes,No,No,Waterways,No,Working Class,,12/20/15,12/20/15,"Rhondachester, CT 96182",209.09

fffe3700350039003600,James Cowley,0.83,20.0,9.0,435811.0,Stone,293.35,87.29,No,Yes,Yes,Roadways,No,Wealthy,Yes,08/02/19,08/06/19,"New Royfort, GA 62071",6625.75

fffe3500380035003500,Ana Smith,0.55,,7.0,1844.0,Bronze,6.44,11.37,Yes,No,No,,No,Working Class,,11/17/18,11/13/18,"North Daniel, MT 44296",260.01

fffe3400350035003500,Christine White,,7.0,5.0,95.0,Clay,4.74,13.52,No,No,No,,Yes,Wealthy,No,01/19/16,01/21/16,"North Jamesburgh, NE 49903",197.3

fffe3400350031003000,Ana Berry,0.44,16.0,7.0,244.0,Aluminium,5.02,23.81,Yes,No,Yes,Waterways,No,Working Class,No,03/05/15,03/08/15,"Jimmyberg, VA 96009",256.43

fffe3900330033003600,Irene Rankin,0.55,11.0,6.0,24742.0,Stone,118.49,47.2,Yes,No,No,Waterways,No,Working Class,No,11/21/17,11/17/17,"Lake Miguelhaven, AL 17281",760.32

fffe3800390032003800,Amanda Paige,0.0,24.0,9.0,335.0,Wood,5.96,19.9,Yes,No,No,Waterways,No,Working Class,No,11/08/17,11/04/17,"West Sandra, ME 66353",133.12

fffe3400350031003100,Colin Luster,0.26,19.0,,82487.0,Marble,272.36,91.99,No,No,Yes,,No,Working Class,,09/11/17,09/10/17,FPO AA 52282,1012.98

fffe3400360034003200,Michael Lepage,0.19,,8.0,1005.0,Aluminium,4.22,17.76,No,No,No,Roadways,No,Working Class,No,07/17/18,07/16/18,"Kellymouth, FL 32961",148.13

fffe3400390038003600,Mabel Goddard,,,7.0,227.0,Wood,4.85,13.87,No,No,No,Roadways,No,Wealthy,No,12/03/18,11/29/18,"Lake Michael, LA 13593",198.85

fffe390036003400,Samuel Steller,0.12,29.0,7.0,,Marble,390.69,39.12,No,No,No,,No,Wealthy,,04/28/17,05/01/17,"Welchbury, TX 51412",901.53

fffe3100360032003000,Larry Streicher,0.56,7.0,4.0,2903.0,,6.11,24.48,Yes,Yes,No,Airways,No,Wealthy,No,08/06/17,08/05/17,"Scottfurt, KY 07463",437.79

fffe3700390031003700,Timothy Furey,0.14,15.0,7.0,73.0,Wood,4.36,23.15,No,No,No,Roadways,No,Working Class,No,09/28/15,09/24/15,"Harringtonfort, AL 05696",158.28

fffe3100390036003000,Tammie Roszel,,59.0,15.0,,,89.97,32.65,No,No,No,Waterways,No,Working Class,Yes,04/13/17,04/14/17,"Terranceland, MI 44748",7233.42

fffe3200350030003100,Luis Anderson,0.02,17.0,8.0,1057.0,Clay,3.25,16.29,Yes,No,Yes,Waterways,Yes,Working Class,,08/13/17,08/15/17,"South Christopher, FL 37495",139.52

fffe3900370033003900,Brandon Schlottmann,0.19,36.0,11.0,2263.0,Aluminium,3.5,21.71,No,No,No,Roadways,No,Wealthy,No,01/03/18,01/03/18,"Port Scott, WI 54102",188.67

fffe3100360032003600,Eva Cruz,0.01,4.0,4.0,965.0,Stone,3.64,10.97,Yes,No,Yes,,No,Wealthy,No,01/03/15,01/06/15,APO AE 28206,192.43

fffe3100320032003200,Donna Daugherty,0.24,18.0,9.0,7189.0,Bronze,23.38,50.38,No,Yes,No,Airways,No,Wealthy,No,11/05/18,11/04/18,DPO AP 64976,458.24

fffe3600350033003100,Joseph Bruce,0.19,34.0,6.0,872.0,Aluminium,5.41,21.09,No,No,No,Roadways,No,Wealthy,No,08/30/17,09/03/17,FPO AA 43222,160.98

fffe3400390032003500,Harold Dennis,0.94,6.0,4.0,503.0,,6.08,23.78,No,No,Yes,,No,Working Class,Yes,08/13/19,08/14/19,"Escobarville, MI 98724",628.98

fffe3600380037003300,Sean Mcwhirter,0.6,23.0,7.0,1737.0,Clay,8.76,22.74,Yes,No,Yes,Waterways,Yes,Working Class,No,11/01/17,10/28/17,"Port Ryanville, NJ 37692",708.59

fffe3900340035003300,Joseph Figueroa,0.47,31.0,7.0,690.0,Aluminium,5.46,13.55,No,No,Yes,Roadways,No,Working Class,Yes,07/06/19,07/07/19,DPO AA 24486,242.83

fffe3500380037003800,Donald Tso,0.86,10.0,5.0,1585.0,Brass,5.33,11.64,Yes,Yes,No,Airways,No,Wealthy,,09/19/16,09/23/16,"Perryfurt, PA 85917",440.09

fffe3500300033003900,Victor Grant,0.54,11.0,7.0,112.0,Wood,4.27,23.69,No,No,No,Airways,No,Working Class,,07/15/19,07/15/19,"Solomonville, KS 37444",247.71

fffe3300310032003000,Terrence Barnett,,10.0,5.0,13667.0,,12.42,31.79,No,No,No,,No,Working Class,,01/23/17,01/23/17,"Snyderton, MT 73299",249.11

fffe3600300032003800,Joe Box,0.51,23.0,8.0,1313.0,Clay,3.64,17.57,Yes,Yes,No,,Yes,Wealthy,No,05/09/17,05/13/17,"Lesliestad, TX 43583",324.78

fffe390031003200,Richard Ayala,0.72,13.0,6.0,237.0,Aluminium,4.75,24.48,No,No,No,Roadways,No,Working Class,No,08/24/15,08/27/15,"South Angela, IN 65274",330.21

fffe3600340035003300,Sonya Walker,0.63,20.0,8.0,7744.0,Bronze,28.08,70.21,No,Yes,No,,No,Wealthy,Yes,05/30/18,05/28/18,"Mitchellberg, AL 84903",1262.56

fffe3900370031003200,Michael Kalama,0.99,4.0,4.0,29.0,Wood,6.52,12.52,No,No,No,Airways,No,Working Class,No,02/10/17,02/09/17,"Milesland, AK 46539",474.47

fffe3200350031003900,Eugene Hyatt,0.34,4.0,4.0,206.0,Brass,6.51,11.54,No,No,No,Roadways,No,Working Class,No,11/10/15,11/09/15,"Annland, KY 89606",158.51

fffe3700380036003500,Mildred Bates,0.63,16.0,7.0,1612.0,Bronze,3.33,15.36,No,No,No,Roadways,No,Working Class,No,03/18/19,03/20/19,"Lake Kimberly, KY 21115",241.06

fffe3200350034003800,Felipe Miller,0.01,28.0,,7386.0,Clay,8.66,25.61,No,No,Yes,Roadways,Yes,Working Class,No,12/17/16,12/16/16,"Johnsonstad, AZ 09288",234.46

fffe3800380039003600,Kristin Hill,0.33,17.0,6.0,391.0,Aluminium,3.94,11.56,Yes,No,Yes,Waterways,No,Working Class,No,12/13/16,12/11/16,"North Kimberlystad, SC 18962",159.66

fffe3300370031003100,Jeffery Muscara,0.46,26.0,10.0,8275.0,Brass,13.11,50.4,Yes,No,Yes,Airways,No,Working Class,No,08/21/18,08/20/18,"Hogantown, ID 90194",721.91

fffe3600300039003800,Brian Peterson,0.45,36.0,8.0,430.0,Wood,3.79,10.41,No,Yes,Yes,Airways,No,Wealthy,No,07/07/18,07/07/18,"Rangelstad, ME 77769",226.19

fffe3300320035003700,Josephine Markowitz,0.63,4.0,4.0,,,6.21,11.27,No,No,No,Roadways,Yes,Working Class,No,05/17/19,05/14/19,"East Stephen, TN 35850",221.17

fffe3200330037003800,Noel Diaz,,4.0,4.0,,Wood,4.52,12.05,No,Yes,No,Airways,No,Working Class,,12/01/15,12/05/15,"South Dianafort, AZ 88436",110.07

fffe3300320035003800,Lisa Eller,0.41,14.0,,322.0,Aluminium,4.45,22.44,No,No,Yes,Airways,No,Working Class,,08/07/18,08/08/18,"West James, ND 58697",223.32

fffe3900330038003500,Annie Reyes,0.43,18.0,9.0,1738.0,Clay,5.98,13.03,Yes,No,No,Waterways,Yes,Working Class,Yes,05/15/17,05/16/17,"East Rachel, GA 83583",207.73

fffe3100300037003300,Felicia Red,0.02,6.0,4.0,74.0,Clay,6.4,10.84,Yes,No,No,Waterways,Yes,Working Class,No,05/12/15,05/12/15,"West Daniel, LA 58677",110.44

fffe3900370034003700,William Hartley,0.23,8.0,5.0,41.0,Aluminium,5.33,18.14,No,No,No,Roadways,No,Wealthy,No,03/19/18,03/19/18,"Ryanside, TX 82867",156.71

fffe3100300039003300,Deidra Finchum,0.71,17.0,10.0,128807.0,Marble,1021.99,87.26,No,Yes,No,,No,Working Class,No,08/11/18,08/08/18,"Shermanburgh, MO 73373",4082.84

fffe330036003900,Daniel Hoard,0.23,50.0,20.0,,Brass,864.52,62.2,Yes,No,No,,No,Working Class,No,10/08/17,10/05/17,"Josephton, WI 98539",5338.82

fffe3500300036003300,Maria Delaney,0.84,30.0,9.0,482.0,Wood,6.63,20.96,No,Yes,No,Airways,No,Working Class,,09/02/17,09/02/17,"Port Christopherton, NE 77790",800.65

fffe3700340034003300,Melissa Petrash,0.56,23.0,15.0,774.0,Wood,6.89,22.78,Yes,No,Yes,Roadways,No,Working Class,Yes,05/23/19,05/23/19,"Lake Brandon, KS 16438",537.46

fffe350033003900,Robert Winstead,0.68,12.0,6.0,785.0,Clay,6.11,13.57,No,Yes,Yes,Airways,Yes,Wealthy,No,02/19/17,02/16/17,"Richardtown, RI 21206",479.27

fffe3400330030003800,Terri Wolf,0.07,4.0,3.0,37.0,Clay,3.41,16.27,No,No,No,Waterways,Yes,Working Class,Yes,09/01/15,08/29/15,"Blakeburgh, RI 43138",139.04

fffe3600390033003200,Karen Stewart,0.55,9.0,5.0,215.0,Clay,6.68,14.59,No,Yes,Yes,Airways,Yes,Working Class,No,01/10/17,01/11/17,"Marquezside, WA 77414",258.07

fffe3900320034003100,Thomas Jamison,0.07,9.0,5.0,134.0,Aluminium,3.52,19.3,Yes,No,Yes,Waterways,No,Working Class,No,12/01/17,12/01/17,"New Tonyaberg, SC 21904",140.11

fffe3400310031003200,Cherryl Schmidt,0.2,12.0,7.0,442.0,Aluminium,5.67,21.77,Yes,No,Yes,Waterways,No,Working Class,No,04/29/17,05/01/17,"Davidborough, ND 07064",172.14

fffe3500370037003700,Rose Rake,,4.0,3.0,131.0,Brass,3.06,19.49,No,No,Yes,Airways,No,Wealthy,No,10/05/18,10/05/18,"Cassandrahaven, NJ 43791",234.43

fffe3300390037003500,Scott Brading,0.64,5.0,4.0,48.0,Wood,3.85,16.47,No,Yes,No,,No,Wealthy,No,06/21/16,06/23/16,"South Toddview, IL 50617",177.56

fffe3400350033003900,William Dawson,,36.0,28.0,110246.0,,55.3,43.43,Yes,Yes,No,,No,Wealthy,No,01/11/17,01/15/17,"South Gary, OK 19915",828.33

fffe3500300039003500,Joyce Gilmore,0.74,14.0,8.0,,,14.88,22.84,No,No,No,,No,Working Class,,12/19/17,12/19/17,"New Taylor, KY 10704",435.79

fffe3400300032003200,James Smith,,25.0,6.0,153.0,Wood,4.35,24.74,Yes,No,No,Waterways,No,Working Class,Yes,04/28/19,04/24/19,"Lake Heather, MD 86836",247.97

fffe3100310037003600,Andre Kiley,0.13,38.0,7.0,14328.0,Brass,10.98,41.93,No,Yes,Yes,Airways,No,Wealthy,No,08/15/18,08/15/18,"Port Christopher, VA 11413",428.16

fffe3800380031003100,James Martin,0.91,66.0,19.0,120253.0,Bronze,183.47,49.01,No,No,No,Airways,Yes,Working Class,No,04/07/15,04/03/15,"Marymouth, UT 75193",5960.97

fffe3300300032003600,Ann Dickson,0.03,,11.0,9913.0,Bronze,10.36,91.21,Yes,No,No,,No,Working Class,,03/03/16,03/07/16,"Taylorside, ND 60089",363.07

fffe3300350037003200,Jason Chowenhill,0.53,41.0,,61820.0,Brass,247.45,53.04,No,No,No,Waterways,No,Working Class,,04/28/17,04/30/17,"Mullinsstad, GA 36598",1125.38

fffe3300320033003500,Patricia Clark,0.29,9.0,5.0,104.0,Wood,3.66,14.06,No,No,No,Roadways,No,Wealthy,No,07/05/15,07/07/15,"New Katrinashire, MT 81266",125.24

fffe3900320035003500,Andy Miller,0.2,15.0,7.0,239.0,Wood,6.24,12.64,No,Yes,No,Airways,No,Working Class,Yes,05/29/18,05/29/18,"West Ericamouth, NE 63035",132.0

fffe3600320031003900,Margaret Pfundt,,48.0,17.0,200945.0,Brass,316.72,33.52,No,No,No,Roadways,No,Working Class,No,06/23/19,06/26/19,"Rickeyborough, SD 57286",3247.31

fffe33003000,Eric Charles,0.49,57.0,8.0,922.0,Wood,5.37,15.02,Yes,No,No,Waterways,No,Working Class,No,12/23/15,12/24/15,"Diazside, MT 08484",251.92

fffe3200300031003500,Deana Ford,0.18,10.0,4.0,783.0,Brass,5.8,22.68,No,Yes,Yes,Roadways,No,Wealthy,,10/31/15,10/31/15,"West David, MD 48844",234.65

fffe3900310030003500,Eddie Strickland,0.6,9.0,4.0,138.0,Clay,6.1,22.7,No,No,Yes,Roadways,Yes,Working Class,No,02/02/17,02/03/17,"East Katherine, CT 51753",310.78

fffe330031003300,Tammy Bunch,0.41,7.0,,767.0,Brass,6.83,22.62,No,No,Yes,,No,Working Class,No,04/29/18,05/03/18,"West Jeffrey, RI 62375",225.51

fffe3200350032003000,Monty Jeansonne,,11.0,8.0,520.0,Clay,4.14,11.67,Yes,No,Yes,Waterways,Yes,Working Class,No,10/13/17,10/12/17,APO AE 67593,132.99

fffe3300380039003700,Jerry Wimberly,,3.0,3.0,84.0,Bronze,6.32,20.05,No,No,Yes,,No,Wealthy,No,02/04/16,01/31/16,"Parkerview, HI 48673",209.63

fffe320033003200,Frances Yost,0.55,3.0,3.0,107.0,Marble,5.43,13.43,No,Yes,No,Roadways,No,Working Class,,01/29/19,01/31/19,"East Tyroneside, GA 74218",203.37

fffe3200350037003900,Theresa Sinclaire,1.0,23.0,10.0,705048.0,Stone,5786.5,47.52,No,Yes,No,Roadways,No,Wealthy,No,04/15/15,04/19/15,"South Anthonymouth, IL 92139",245607.8

fffe3300370035003100,Mario Baker,,37.0,,13920.0,Bronze,34.54,40.81,Yes,Yes,Yes,Airways,No,Working Class,No,09/18/17,09/16/17,"New Tricia, KS 83966",1951.15

fffe3600330037003600,Vickie Bass,0.48,10.0,4.0,100.0,,4.29,11.5,No,No,Yes,Waterways,No,Working Class,No,06/29/19,07/01/19,"Lake Markside, WA 50094",140.76

fffe3500330033003300,Susan Palacio,0.28,19.0,8.0,,Wood,6.29,22.56,No,Yes,No,Roadways,No,Wealthy,No,04/26/19,04/26/19,"Fuentesmouth, DE 39665",212.75

fffe3100340039003300,Leah Herrmann,0.38,,6.0,153.0,Wood,3.53,24.43,No,Yes,No,Airways,No,Working Class,No,02/01/15,02/01/15,"Lake Christina, KY 56092",207.54

fffe3300370030003200,Naomi Matthew,0.86,13.0,6.0,14856.0,Marble,64.28,82.15,Yes,No,Yes,Waterways,No,Working Class,No,03/15/15,03/18/15,FPO AP 65705,3247.5

fffe3800310032003100,Edna Hoss,0.57,15.0,6.0,43379.0,Marble,239.09,37.78,No,Yes,Yes,Airways,No,Wealthy,No,07/07/19,07/08/19,"Port Michele, CT 58553",1394.69

fffe3300330032003300,Ronald Chapman,0.78,12.0,6.0,1948.0,Bronze,7.54,20.79,No,No,Yes,,No,Working Class,,11/10/16,11/13/16,"Dicksonfort, PA 01950",611.21

fffe320036003000,Joseph Hurtubise,0.02,8.0,4.0,426.0,Bronze,6.58,17.07,No,No,Yes,Airways,No,Working Class,No,03/02/16,02/28/16,"Port Samantha, MI 39569",157.54

fffe3200390034003800,Ana Duggan,0.61,26.0,10.0,20303.0,Brass,43.06,83.55,No,No,Yes,Roadways,No,Wealthy,No,08/22/15,08/19/15,"Cummingschester, MT 71486",1947.47

fffe3100380033003300,Helen Bray,0.78,26.0,7.0,1803.0,Clay,6.73,18.49,No,No,No,,Yes,Working Class,,09/05/15,09/05/15,"Maryside, MD 05803",651.77

fffe3300360030003400,Oscar James,0.11,31.0,6.0,5949.0,,11.95,56.02,Yes,Yes,Yes,Airways,No,Wealthy,Yes,01/07/17,01/06/17,APO AA 78062,488.8

fffe3700380033003900,George Erickson,0.29,29.0,9.0,1216.0,Aluminium,4.52,15.68,No,No,No,Roadways,No,Working Class,No,10/14/17,10/13/17,"Thomasfort, CO 96318",164.58

fffe3200380031003600,Nicole Hinds,0.47,10.0,4.0,5076.0,Stone,28.91,42.46,Yes,No,No,Waterways,No,Working Class,No,12/12/17,12/15/17,"North Anne, AK 40125",410.11

fffe3100350036003800,Gregory Luis,0.27,28.0,,2899.0,Clay,8.77,10.32,No,Yes,Yes,,Yes,Working Class,No,12/04/16,12/06/16,"Port Johnstad, MN 83576",301.52

fffe3400310036003800,Audrey Swink,0.98,10.0,4.0,286.0,Clay,5.2,20.84,No,Yes,Yes,,Yes,Working Class,Yes,09/26/15,09/26/15,"New Matthewmouth, MO 66801",620.38

fffe3800360036003600,Ana Moore,0.17,47.0,6.0,568968.0,Marble,1004.73,77.49,No,No,No,Roadways,Yes,Working Class,Yes,11/28/17,11/30/17,"East Erica, CA 68351",2366.05

fffe3600350033003500,Faye Mcguirl,0.37,24.0,10.0,326.0,Wood,3.45,17.87,Yes,Yes,Yes,Airways,No,Working Class,Yes,08/22/16,08/26/16,"West Jeffery, MA 79315",226.71

fffe3200360038003100,Sally Fair,0.85,21.0,8.0,177591.0,Marble,346.54,27.76,Yes,No,No,,No,Working Class,No,04/17/19,04/18/19,"Tiffanyside, FL 50933",2407.8

fffe3100340034003800,Vanessa Anderson,0.46,18.0,6.0,80.0,Wood,4.69,19.06,No,No,No,Airways,No,Working Class,,02/14/19,02/16/19,"Georgefurt, AL 92592",190.26

fffe3100370032003000,Lewis Exum,0.15,7.0,5.0,4794.0,Marble,18.86,20.36,Yes,Yes,No,Airways,No,Working Class,No,07/11/19,07/15/19,"Taraville, CA 74957",217.02

fffe3500310032003700,James Waller,0.36,3.0,2.0,70.0,,3.43,11.2,No,No,No,Roadways,No,Working Class,No,04/22/16,04/19/16,"Kristinland, NV 52761",176.35

fffe380037003100,Gertrude Thompson,0.85,6.0,4.0,1164.0,Marble,8.7,23.95,Yes,Yes,Yes,,No,Working Class,No,07/19/17,07/19/17,"Steeleburgh, AZ 12460",1274.44

fffe360036003000,Patricia Stewart,0.74,12.0,8.0,4745.0,,27.9,22.43,No,No,No,,No,Working Class,Yes,10/22/17,10/20/17,"New Patrickfort, VA 34299",488.19

fffe3700390039003500,Dennis Darnley,0.94,17.0,6.0,217.0,Aluminium,4.98,24.17,Yes,No,Yes,Waterways,No,Working Class,No,05/01/16,04/29/16,"Jenniferfurt, SD 06260",737.69

fffe340030003200,Kay Cook,0.35,26.0,,5386.0,Bronze,30.04,64.43,Yes,No,No,Waterways,No,Working Class,No,02/06/16,02/04/16,"South Ronnieport, FL 84788",588.1

fffe3700350039003100,Margaret Mathews,0.42,18.0,6.0,5612.0,Brass,31.41,56.41,No,Yes,Yes,Roadways,No,Working Class,No,12/21/17,12/20/17,"East Geraldside, WI 99708",648.98

fffe3800320030003400,Lisa Tharp,0.38,37.0,14.0,86943.0,Brass,191.44,55.02,Yes,Yes,No,Airways,No,Wealthy,No,06/01/19,06/05/19,"North Dawnberg, OR 68656",1480.19

fffe3200320031003700,Richard Hall,,20.0,7.0,555.0,Aluminium,4.45,16.46,Yes,Yes,No,Airways,No,Working Class,No,04/15/15,04/11/15,"Gallegosland, TX 26032",163.05

fffe3600340030003500,Johnnie Garcia,0.16,9.0,,73.0,Wood,5.63,13.46,No,No,No,,No,Wealthy,Yes,12/29/15,12/29/15,"Youngview, WA 75724",125.5

fffe3700360037003400,Barbara Wells,0.04,18.0,9.0,538.0,Aluminium,3.66,11.86,No,Yes,No,Airways,No,Working Class,No,03/13/19,03/12/19,"Hoffmanmouth, FL 22235",111.11

fffe3300320037003100,Juliet Sutton,0.96,5.0,4.0,240.0,Brass,4.47,23.09,No,Yes,No,Airways,No,Wealthy,,04/17/19,04/18/19,"Brianport, HI 14264",397.99

fffe3700390037003300,Juan Saylor,0.37,18.0,9.0,233674.0,Stone,1011.11,90.95,No,Yes,No,Roadways,No,Wealthy,No,10/12/15,10/08/15,"Lake Toddstad, AR 03269",3538.17

fffe3200370034003800,Stephanie Graves,,10.0,5.0,682.0,Bronze,3.95,18.68,No,No,No,Roadways,No,Working Class,No,11/27/18,11/27/18,"Brooksberg, NY 81764",138.02

fffe3900310034003200,Michael Banks,0.37,31.0,11.0,782840.0,Stone,2759.99,28.97,Yes,Yes,Yes,Airways,No,Wealthy,Yes,11/28/17,11/26/17,"South Michaelview, IN 98170",22607.03

fffe3300320035003100,Viviana Collins,0.87,,8.0,707.0,Clay,5.57,18.55,No,Yes,No,Roadways,Yes,Working Class,No,11/24/15,11/22/15,FPO AA 74532,546.52

fffe3500350039003000,Pamela Spicher,0.0,7.0,4.0,,,6.27,10.3,Yes,No,Yes,Airways,No,Working Class,No,04/28/17,05/01/17,"Port Darlenetown, KS 76546",105.11

fffe3700330030003700,Andrew Ewing,0.89,18.0,6.0,211.0,Wood,3.4,11.04,Yes,No,Yes,Waterways,No,Working Class,No,01/10/15,01/09/15,"Lake Marcfort, ME 73393",347.9

fffe3800390036003900,John Scolaro,0.68,17.0,6.0,3359.0,Brass,6.24,19.75,No,Yes,No,Airways,No,Wealthy,No,04/29/17,04/25/17,FPO AP 61392,617.86

fffe3400300036003400,Helen Campbell,0.24,24.0,7.0,134313.0,,553.02,54.22,Yes,No,Yes,Waterways,No,Wealthy,No,04/25/18,04/28/18,"Alyssashire, LA 85223",1849.4

fffe3100380034003800,James Walters,,46.0,9.0,,Brass,198.45,70.06,No,No,No,Waterways,No,Working Class,Yes,04/16/17,04/20/17,"Rossstad, KY 46435",937.75

fffe3700370039003400,Roberta Gullett,0.57,26.0,13.0,1297.0,Clay,3.13,21.84,No,Yes,No,Airways,Yes,Wealthy,Yes,06/12/18,06/16/18,"Clarkburgh, WI 61849",443.09

fffe3500340039003400,Johnny Mccarty,0.38,17.0,8.0,72057.0,Marble,113.79,35.9,No,No,No,Roadways,No,Working Class,No,01/05/16,01/08/16,"South Annaton, MD 32978",547.98

fffe3300360032003200,Norman Brown,0.02,30.0,,661.0,Wood,4.34,19.92,No,No,No,Waterways,No,Working Class,,10/15/16,10/17/16,"Stanleyland, MO 97105",111.88

fffe3700320035003700,Patricia Montgomery,0.21,40.0,33.0,369382.0,Brass,515.79,77.55,Yes,No,No,Roadways,No,Working Class,No,11/20/18,11/20/18,"Steelefurt, MA 87959",3404.05

fffe3900300031003200,Geraldine Varley,0.52,14.0,8.0,427.0,Aluminium,6.41,12.76,No,Yes,Yes,Roadways,No,Wealthy,No,01/03/17,01/02/17,"East Lori, ID 38863",291.07

fffe3400380038003900,Gus Hall,0.13,22.0,,,Bronze,14.25,51.46,No,No,No,,No,Working Class,,03/17/19,03/19/19,"Taylorville, NH 59611",283.47

fffe3600380032003700,Edward Johnson,0.61,18.0,9.0,3174.0,Brass,3.58,22.4,No,No,Yes,Roadways,No,Working Class,No,12/11/15,12/09/15,"East Nicholashaven, NJ 56704",428.05

fffe3300310039003800,Angella Blews,0.66,11.0,6.0,,,104.88,44.29,Yes,No,No,,No,Working Class,,12/15/18,12/17/18,"Lauriefort, GA 09802",803.14

fffe3500370034003700,Altagracia Mudge,,27.0,18.0,47374.0,Brass,92.62,46.53,No,No,Yes,Roadways,No,Working Class,No,10/08/15,10/10/15,"Aaronborough, ME 93029",5078.29

fffe3700390039003600,Gary Wallin,0.37,31.0,17.0,36225.0,Bronze,58.69,38.11,No,No,Yes,Roadways,No,Working Class,No,09/18/15,09/21/15,"Wilsonfort, IA 85070",749.84

fffe3900390031003200,Jennie Baker,0.79,28.0,14.0,647.0,Aluminium,6.15,23.67,No,Yes,No,Airways,No,Wealthy,No,02/07/15,02/11/15,"Robertfurt, WY 07713",790.16

fffe3900390036003700,Judy Wilson,0.8,33.0,14.0,33309.0,Brass,116.52,32.73,No,Yes,No,Roadways,No,Wealthy,No,08/21/18,08/21/18,"Lake Penny, NJ 63662",1966.86

fffe3500350031003000,Robert Gutierrez,0.44,21.0,8.0,78931.0,Marble,129.67,54.33,No,Yes,No,Roadways,No,Wealthy,,06/11/16,06/15/16,"East Andrewshire, RI 31270",907.11

fffe3900390034003200,Norman Beebe,0.82,5.0,3.0,59.0,Clay,3.78,11.22,Yes,Yes,No,Airways,Yes,Working Class,No,08/25/18,08/25/18,"West Charles, MI 79013",190.8

fffe3200300039003700,Johnathan Chase,0.41,39.0,17.0,1979603.0,,674.39,88.21,Yes,No,Yes,Airways,Yes,Working Class,No,05/02/19,04/30/19,"North Brittany, CT 26135",12960.03

fffe3600300030003700,Amanda Wilkerson,0.24,34.0,11.0,1990.0,,5.72,10.76,Yes,No,No,Airways,No,Wealthy,Yes,05/03/17,04/29/17,"Lake Samanthahaven, NE 35695",202.2

fffe3800300033003300,Cynthia Brown,0.94,16.0,8.0,877.0,Clay,4.78,13.12,Yes,Yes,No,Airways,Yes,Working Class,Yes,06/18/19,06/19/19,"Jonesfurt, TX 41479",584.88

fffe3500350039003600,Diane Marotta,,16.0,8.0,95312.0,Stone,828.04,77.56,No,No,No,Roadways,No,Working Class,No,10/18/18,10/21/18,"Karenfurt, MS 61152",41778.68

fffe3800350035003800,Julie Smith,0.75,15.0,8.0,233.0,Aluminium,5.87,17.17,No,No,Yes,Roadways,No,Working Class,Yes,01/27/15,01/27/15,"South Lisa, CA 59101",409.97

fffe3100310039003400,Ronald Spader,,23.0,11.0,10936.0,Bronze,41.42,74.21,No,Yes,No,,No,Wealthy,,06/15/19,06/17/19,"Lake Sheri, ID 08608",764.02

fffe3400360031003600,Donald Janssen,0.38,9.0,5.0,950.0,Brass,3.45,11.61,No,No,Yes,Roadways,No,Working Class,No,05/28/19,05/28/19,"Port Beverly, MS 01545",171.6

fffe3900360037003300,Flora Mclawhorn,0.02,15.0,8.0,3173.0,Brass,8.61,16.39,Yes,Yes,No,Airways,No,Working Class,No,03/22/15,03/23/15,"East Kyleport, IN 65307",178.88

fffe3300390033003300,Patrick Koziel,0.4,12.0,6.0,46687.0,Stone,151.37,38.34,No,Yes,No,,No,Wealthy,No,08/18/17,08/18/17,"North Brian, SC 90052",892.78

fffe3300330036003200,Jimmy Hopkins,0.86,12.0,8.0,31257.0,Marble,142.84,95.11,No,No,No,Airways,No,Working Class,,08/15/16,08/19/16,"Mirandachester, SD 50876",1726.61

fffe3900340038003700,Elsa Colon,0.05,26.0,10.0,12838.0,Bronze,37.52,86.35,Yes,No,Yes,Waterways,No,Wealthy,No,09/13/16,09/14/16,"Millerchester, AL 84634",508.31

fffe3900320037003600,Jo Jefferies,0.61,9.0,4.0,4728.0,Marble,18.95,15.23,No,Yes,No,Airways,No,Working Class,No,11/17/15,11/13/15,"Taylorport, FL 93197",326.27

fffe3600390036003000,Anna Gennaro,0.47,16.0,8.0,2025.0,Bronze,5.96,10.57,Yes,No,No,Waterways,No,Wealthy,No,12/13/15,12/11/15,"Jessicaton, NE 80569",221.03

fffe3100380036003600,Joan Campbell,0.24,31.0,10.0,18907.0,Bronze,44.15,84.24,No,No,Yes,Roadways,No,Wealthy,Yes,10/12/17,10/14/17,"Josephshire, DE 71118",792.35

fffe320039003300,Jamaal Cruz,0.47,,8.0,4480.0,Bronze,12.83,19.77,Yes,Yes,No,Airways,No,Working Class,Yes,01/27/16,01/28/16,"New Preston, CO 24338",352.98

fffe3800360035003400,Nathaniel Moore,0.31,12.0,6.0,1210.0,Brass,5.28,23.73,Yes,No,No,Waterways,No,Working Class,Yes,06/11/18,06/13/18,"Russellshire, SD 75626",226.6

fffe3900300034003500,Ronnie Kim,0.53,36.0,8.0,188.0,Wood,4.64,19.75,Yes,No,No,Waterways,No,Wealthy,No,03/18/15,03/14/15,"East Philip, IA 09547",354.88

fffe3600390034003000,Rickie Gutierrez,0.48,30.0,15.0,17803.0,Bronze,30.31,43.24,No,Yes,No,Airways,No,Wealthy,No,05/22/15,05/20/15,DPO AE 55118,956.29

fffe3400300037003200,Laura Thresher,0.91,13.0,7.0,3757.0,Brass,13.51,23.02,Yes,Yes,No,,No,Wealthy,No,02/19/19,02/22/19,"North Susan, GA 74203",711.08

fffe3500300036003700,Shirley Moore,0.02,28.0,6.0,378383.0,Stone,230.64,97.29,No,Yes,No,Roadways,No,Working Class,No,02/04/19,02/02/19,"Lake Jenniferborough, WY 19049",1075.07

fffe3500350030003000,Mildred Larios,,,18.0,57334.0,Bronze,101.14,47.95,Yes,Yes,No,Airways,No,Wealthy,No,01/30/16,01/30/16,"North Angela, AL 52024",1054.72

fffe3900300034003400,Tyson Guinn,0.51,19.0,8.0,111448.0,Marble,320.07,35.35,No,No,Yes,Roadways,No,Working Class,No,02/18/15,02/14/15,"East Antoniofurt, CT 99905",1860.88

fffe3800300038003700,Lawrence Slaughter,0.77,10.0,5.0,1026.0,Brass,3.99,14.01,Yes,Yes,Yes,Airways,No,Wealthy,No,06/09/19,06/07/19,"Donnachester, AR 10285",416.01

fffe3400350031003900,Pamela Hodge,0.24,28.0,16.0,66915.0,Brass,144.82,68.64,Yes,No,Yes,Waterways,No,Working Class,No,03/06/16,03/10/16,"Robertshaven, IL 75484",716.89

fffe3100390035003500,Shirley Reddish,,,6.0,21316.0,,72.0,69.36,No,No,No,Roadways,No,Working Class,Yes,10/09/17,10/06/17,"Lake Mark, DC 99936",718.93

fffe3900340034003800,Robert Nailor,0.51,12.0,7.0,21370.0,Marble,62.1,26.13,No,No,Yes,Waterways,No,Working Class,No,01/12/17,01/10/17,"North Leechester, ME 54457",896.85

fffe3900360030003700,Erlinda Knowles,0.3,18.0,7.0,79326.0,Marble,172.57,78.83,Yes,No,Yes,Waterways,No,Working Class,No,12/27/16,12/26/16,"Ronaldfort, ID 74397",812.66

fffe3700320038003500,Craig Lorenz,0.08,40.0,18.0,147330.0,Brass,195.17,94.21,Yes,No,Yes,Waterways,No,Working Class,No,04/29/18,04/27/18,"Mcleanfurt, NJ 40601",771.61

fffe3600360037003800,Rowena Wisniewski,0.84,23.0,12.0,1797.0,Clay,3.6,24.96,Yes,No,Yes,Waterways,Yes,Wealthy,No,05/01/18,05/03/18,"South Roy, MT 85589",892.59

fffe3500360038003700,Elizabeth Guertin,0.38,18.0,10.0,204848.0,Marble,1117.07,60.28,Yes,No,Yes,Waterways,No,Working Class,Yes,05/19/16,05/16/16,"West Lindaburgh, CO 39614",2514.69

fffe3300320038003600,Mechelle Hudson,0.12,34.0,6.0,,Bronze,16.89,17.99,Yes,Yes,No,Airways,No,Wealthy,Yes,05/01/18,05/01/18,"New Angela, NM 84961",250.34

fffe3300350033003200,Arthur Nixon,0.54,31.0,15.0,2102.0,,3.9,18.02,No,No,No,Airways,No,Working Class,No,10/19/18,10/15/18,"West Matthew, LA 23438",336.19

fffe3300350036003400,Amber Grant,0.39,34.0,13.0,25516.0,Bronze,89.43,63.34,Yes,No,No,Airways,No,Working Class,,03/26/15,03/29/15,"South Richardville, ND 44316",1365.25

fffe3100330030003000,Veronica Thomas,,22.0,13.0,8000.0,Brass,30.54,58.4,Yes,Yes,No,Airways,No,Working Class,No,07/20/17,07/20/17,"North Christopherchester, WY 42903",2229.0

fffe310036003200,Richard Williams,0.29,29.0,9.0,11467.0,Bronze,24.53,99.76,Yes,Yes,Yes,,No,Working Class,,03/14/19,03/16/19,"North Vincentport, GA 67684",858.24

fffe3600390039003000,Maria Dunlap,0.74,19.0,7.0,9381.0,Brass,52.19,84.8,No,Yes,No,Airways,No,Working Class,No,04/26/17,04/23/17,"New Yvonne, PA 39092",2225.65

fffe3900300031003500,Edna Leininger,0.09,39.0,15.0,7957127.0,Stone,11423.74,27.22,Yes,No,No,Waterways,No,Working Class,Yes,08/02/18,08/03/18,"Richardfurt, AZ 39353",14762.01

fffe3600300035003400,Zoila Ingwersen,0.35,29.0,13.0,2100801.0,Stone,3094.46,71.37,No,No,No,Waterways,No,Working Class,No,07/05/15,07/04/15,APO AE 05699,8192.2

fffe3700370033003900,Robert Staab,0.65,27.0,15.0,17635.0,Bronze,51.64,52.61,No,Yes,Yes,Roadways,No,Wealthy,No,09/22/16,09/21/16,"Woodmouth, CA 46411",2023.93

fffe3200300033003500,Michael Davis,0.56,19.0,7.0,664.0,Aluminium,6.2,14.04,No,No,Yes,Roadways,No,Working Class,No,05/11/18,05/11/18,"Port Samuelchester, ID 61999",281.52

fffe3900370035003300,Daniel Lamb,0.32,21.0,10.0,11032.0,Bronze,38.27,41.36,No,Yes,No,Airways,No,Wealthy,No,04/12/16,04/12/16,"Wisebury, MO 66362",508.02

fffe3900370033003700,Mary Schauble,0.46,25.0,15.0,1692.0,Aluminium,6.12,15.47,No,No,No,Roadways,No,Wealthy,No,06/01/15,05/28/15,DPO AP 54402,298.23

fffe3200300033003900,Jonathan Cordova,,17.0,6.0,980.0,Clay,10.41,15.62,Yes,No,Yes,Waterways,Yes,Working Class,No,06/26/17,06/28/17,"Gutierrezhaven, CO 43065",477.51

fffe320031003200,Jacqueline Gandy,0.34,12.0,6.0,133.0,Wood,5.99,19.62,Yes,No,No,Waterways,No,Wealthy,No,04/12/17,04/13/17,"Butlerhaven, NY 38290",189.05

fffe3100330038003300,Joni Sowers,0.32,29.0,6.0,10849.0,Brass,13.57,77.61,No,No,No,Roadways,No,Working Class,,02/21/18,02/25/18,DPO AP 97131,512.54

fffe390037003400,April Vanetten,0.86,31.0,7.0,,Aluminium,3.01,17.35,No,Yes,Yes,Roadways,No,Wealthy,No,07/13/19,07/12/19,"West Willieside, WV 94357",770.54

fffe340036003200,Ellen Randall,0.4,,3.0,13.0,Wood,6.59,10.5,Yes,No,No,Waterways,No,Wealthy,No,03/06/18,03/06/18,"Pricefort, AL 89399",144.41

fffe3300390030003100,Judith Soltys,0.71,17.0,9.0,110669.0,Marble,159.78,80.46,No,No,No,Roadways,No,Working Class,No,11/24/17,11/25/17,"Lopezville, WY 95409",1570.37

fffe3600320038003700,Roberta Newman,,13.0,7.0,49527.0,,59.79,63.48,Yes,No,Yes,,No,Working Class,No,12/21/17,12/19/17,"Owensfort, DE 17027",536.09

fffe3300330036003100,Myrna Newman,0.14,15.0,8.0,159638.0,Stone,265.28,28.56,Yes,No,No,,No,Working Class,No,04/07/16,04/08/16,FPO AA 09263,598.57

fffe3800360038003600,Patricia Blackman,0.36,27.0,15.0,46620.0,Brass,85.13,52.04,No,Yes,No,Roadways,No,Working Class,No,01/21/17,01/20/17,"Lake Alyssa, NM 03058",1485.05

fffe330031003600,David Blair,0.09,25.0,11.0,2584.0,Clay,9.16,24.14,No,Yes,No,Roadways,Yes,Wealthy,,07/07/19,07/04/19,"Lake Douglasburgh, ME 41655",245.22

fffe3800390034003400,Thomas Marcinkowski,0.45,30.0,10.0,1851.0,Aluminium,6.85,14.5,No,No,No,Roadways,No,Working Class,No,05/20/19,05/21/19,"Huntstad, MN 91092",224.39

fffe3900330031003700,Samantha Obannon,0.11,15.0,7.0,2327.0,Brass,5.79,11.93,Yes,Yes,No,Airways,No,Wealthy,No,08/15/17,08/18/17,"Danielleport, WV 78559",180.55

fffe3400300039003200,Michelle Calloway,0.93,,,,Wood,5.72,23.91,Yes,No,No,Waterways,No,Working Class,,12/10/16,12/08/16,"Martinezchester, WV 28128",1032.03

fffe3800390038003600,Julius Cherry,0.46,22.0,9.0,1252.0,Clay,3.82,17.11,No,No,Yes,Roadways,Yes,Working Class,No,11/26/15,11/30/15,"East Katherine, IN 71179",242.76

fffe3600320030003400,Chad Pappas,0.7,,7.0,,,11.64,69.09,No,Yes,Yes,Airways,No,Wealthy,Yes,01/01/18,01/01/18,"Mcdanielfort, AL 87434",1656.21

fffe3400380038003400,Anna Stewart,0.33,22.0,11.0,264284.0,Marble,1483.81,80.04,No,Yes,Yes,,No,Working Class,No,06/20/19,06/21/19,"South Heather, PA 80622",2899.81

